ffff8e1e36b64900 1791449266 S Co:1:009:0 s 01 0b 0001 0001 0000 0
ffff8e1e36b64900 1791451524 C Co:1:009:0 0 0
ffff8e1e834d6800 1791451674 S Zi:1:009:1 -115:1:0 1 -18:0:96 96 <
ffff8e1e90868b00 1791451679 S Zi:1:009:1 -115:1:0 1 -18:0:96 96 <
ffff8e1e90868c00 1791451681 S Zi:1:009:1 -115:1:0 1 -18:0:96 96 <
ffff8e1d9c914d00 1791451684 S Zi:1:009:1 -115:1:0 1 -18:0:96 96 <
ffff8e1eae7fc800 1791451686 S Zi:1:009:1 -115:1:0 1 -18:0:96 96 <
ffff8e1d89d75300 1791451688 S Zi:1:009:1 -115:1:0 1 -18:0:96 96 <
ffff8e1e33926c00 1791451691 S Zi:1:009:1 -115:1:0 1 -18:0:96 96 <
ffff8e1da3310400 1791451694 S Zi:1:009:1 -115:1:0 1 -18:0:96 96 <
ffff8e1e52a78f00 1791451696 S Zi:1:009:1 -115:1:0 1 -18:0:96 96 <
ffff8e1de4290f00 1791451699 S Zi:1:009:1 -115:1:0 1 -18:0:96 96 <
ffff8e1de4709f00 1791451702 S Zi:1:009:1 -115:1:0 1 -18:0:96 96 <
ffff8e1da3310000 1791451705 S Zi:1:009:1 -115:1:0 1 -18:0:96 96 <
ffff8e1e834d6800 1791455516 C Zi:1:009:1 0:1:628:0 1 0:0:0 96 = 00000000 00000000 00000000 00000000 00000000 00000000 00000000 00000000
ffff8e1e834d6800 1791455518 S Zi:1:009:1 -115:1:628 1 -18:0:96 96 <
ffff8e1e90868b00 1791456515 C Zi:1:009:1 0:1:629:0 1 0:0:0 96 = 00000000 00000000 00000000 00000000 00000000 00000000 00000000 00000000
ffff8e1e90868b00 1791456517 S Zi:1:009:1 -115:1:629 1 -18:0:96 96 <
ffff8e1e90868c00 1791457515 C Zi:1:009:1 0:1:630:0 1 0:0:0 96 = 00000000 00000000 00000000 00000000 00000000 00000000 00000000 00000000
ffff8e1e90868c00 1791457519 S Zi:1:009:1 -115:1:630 1 -18:0:96 96 <
ffff8e1d9c914d00 1791458515 C Zi:1:009:1 0:1:631:0 1 0:0:0 96 = 00000000 00000000 00000000 00000000 00000000 00000000 00000000 00000000
ffff8e1d9c914d00 1791458518 S Zi:1:009:1 -115:1:631 1 -18:0:96 96 <
ffff8e1eae7fc800 1791459515 C Zi:1:009:1 0:1:632:0 1 0:0:0 96 = 00000000 00000000 00000000 00000000 00000000 00000000 00000000 00000000
ffff8e1eae7fc800 1791459517 S Zi:1:009:1 -115:1:632 1 -18:0:96 96 <
ffff8e1d89d75300 1791460515 C Zi:1:009:1 0:1:633:0 1 0:0:0 96 = 00000000 00000000 00000000 00000000 00000000 00000000 00000000 00000000
ffff8e1d89d75300 1791460517 S Zi:1:009:1 -115:1:633 1 -18:0:96 96 <
ffff8e1e33926c00 1791461515 C Zi:1:009:1 0:1:634:0 1 0:0:0 96 = 00000000 00000000 00000000 00000000 00000000 00000000 00000000 00000000
ffff8e1e33926c00 1791461517 S Zi:1:009:1 -115:1:634 1 -18:0:96 96 <
ffff8e1da3310400 1791462516 C Zi:1:009:1 0:1:635:0 1 0:0:0 96 = 00000000 00000000 00000000 00000000 00000000 00000000 00000000 00000000
ffff8e1da3310400 1791462519 S Zi:1:009:1 -115:1:635 1 -18:0:96 96 <
ffff8e1e52a78f00 1791463515 C Zi:1:009:1 0:1:636:0 1 0:0:0 96 = 00000000 00000000 00000000 00000000 00000000 00000000 00000000 00000000
ffff8e1e52a78f00 1791463517 S Zi:1:009:1 -115:1:636 1 -18:0:96 96 <
ffff8e1de4290f00 1791464515 C Zi:1:009:1 0:1:637:0 1 0:0:0 96 = 00000000 00000000 00000000 00000000 00000000 00000000 00000000 00000000
ffff8e1de4290f00 1791464517 S Zi:1:009:1 -115:1:637 1 -18:0:96 96 <
ffff8e1de4709f00 1791465515 C Zi:1:009:1 0:1:638:0 1 0:0:0 96 = 00000000 00000000 00000000 00000000 00000000 00000000 00000000 00000000
ffff8e1de4709f00 1791465517 S Zi:1:009:1 -115:1:638 1 -18:0:96 96 <
ffff8e1da3310000 1791466517 C Zi:1:009:1 0:1:639:0 1 0:0:0 96 = 00000000 00000000 00000000 00000000 00000000 00000000 00000000 00000000
ffff8e1da3310000 1791466520 S Zi:1:009:1 -115:1:639 1 -18:0:96 96 <
ffff8e1e834d6800 1791467516 C Zi:1:009:1 0:1:640:0 1 0:0:0 96 = 00000000 00000000 00000000 00000000 00000000 00000000 00000000 00000000
ffff8e1e834d6800 1791467520 S Zi:1:009:1 -115:1:640 1 -18:0:96 96 <
ffff8e1e90868b00 1791468516 C Zi:1:009:1 0:1:641:0 1 0:0:0 96 = 00000000 00000000 00000000 00000000 00000000 00000000 00000000 00000000
ffff8e1e90868b00 1791468520 S Zi:1:009:1 -115:1:641 1 -18:0:96 96 <
ffff8e1e90868c00 1791469515 C Zi:1:009:1 0:1:642:0 1 0:0:0 96 = 00000000 00000000 00000000 00000000 00000000 00000000 00000000 00000000
ffff8e1e90868c00 1791469517 S Zi:1:009:1 -115:1:642 1 -18:0:96 96 <
ffff8e1d9c914d00 1791470516 C Zi:1:009:1 0:1:643:0 1 0:0:0 96 = 00000000 00000000 00000000 00000000 00000000 00000000 00000000 00000000
ffff8e1d9c914d00 1791470518 S Zi:1:009:1 -115:1:643 1 -18:0:96 96 <
ffff8e1eae7fc800 1791471516 C Zi:1:009:1 0:1:644:0 1 0:0:0 96 = 00000000 00000000 00000000 00000000 00000000 00000000 00000000 00000000
ffff8e1eae7fc800 1791471518 S Zi:1:009:1 -115:1:644 1 -18:0:96 96 <
ffff8e1d89d75300 1791472517 C Zi:1:009:1 0:1:645:0 1 0:0:0 96 = 00000000 00000000 00000000 00000000 00000000 00000000 00000000 00000000
ffff8e1d89d75300 1791472520 S Zi:1:009:1 -115:1:645 1 -18:0:96 96 <
ffff8e1e33926c00 1791473516 C Zi:1:009:1 0:1:646:0 1 0:0:0 96 = 00000000 00000000 00000000 00000000 00000000 00000000 00000000 00000000
ffff8e1e33926c00 1791473519 S Zi:1:009:1 -115:1:646 1 -18:0:96 96 <
ffff8e1da3310400 1791474516 C Zi:1:009:1 0:1:647:0 1 0:0:0 96 = 00000000 00000000 00000000 00000000 00000000 00000000 00000000 00000000
ffff8e1da3310400 1791474518 S Zi:1:009:1 -115:1:647 1 -18:0:96 96 <
ffff8e1e52a78f00 1791475516 C Zi:1:009:1 0:1:648:0 1 0:0:0 96 = 00000000 00000000 00000000 00000000 00000000 00000000 00000000 00000000
ffff8e1e52a78f00 1791475518 S Zi:1:009:1 -115:1:648 1 -18:0:96 96 <
ffff8e1de4290f00 1791476516 C Zi:1:009:1 0:1:649:0 1 0:0:0 96 = 00000000 00000000 00000000 00000000 00000000 00000000 00000000 00000000
ffff8e1de4290f00 1791476518 S Zi:1:009:1 -115:1:649 1 -18:0:96 96 <
ffff8e1de4709f00 1791477517 C Zi:1:009:1 0:1:650:0 1 0:0:0 96 = 00000000 00000000 00000000 00000000 00000000 00000000 00000000 00000000
ffff8e1de4709f00 1791477520 S Zi:1:009:1 -115:1:650 1 -18:0:96 96 <
ffff8e1da3310000 1791478516 C Zi:1:009:1 0:1:651:0 1 0:0:0 96 = 00000000 00000000 00000000 00000000 00000000 00000000 00000000 00000000
ffff8e1da3310000 1791478518 S Zi:1:009:1 -115:1:651 1 -18:0:96 96 <
ffff8e1e834d6800 1791479516 C Zi:1:009:1 0:1:652:0 1 0:0:0 96 = 00000000 00000000 00000000 00000000 00000000 00000000 00000000 00000000
ffff8e1e834d6800 1791479518 S Zi:1:009:1 -115:1:652 1 -18:0:96 96 <
ffff8e1e90868b00 1791480516 C Zi:1:009:1 0:1:653:0 1 0:0:0 96 = 00000000 00000000 00000000 00000000 00000000 00000000 00000000 00000000
ffff8e1e90868b00 1791480519 S Zi:1:009:1 -115:1:653 1 -18:0:96 96 <
ffff8e1e90868c00 1791481516 C Zi:1:009:1 0:1:654:0 1 0:0:0 96 = 00000000 00000000 00000000 00000000 00000000 00000000 00000000 00000000
ffff8e1e90868c00 1791481519 S Zi:1:009:1 -115:1:654 1 -18:0:96 96 <
ffff8e1d9c914d00 1791482517 C Zi:1:009:1 0:1:655:0 1 0:0:0 96 = 00000000 00000000 00000000 00000000 00000000 00000000 00000000 00000000
ffff8e1d9c914d00 1791482519 S Zi:1:009:1 -115:1:655 1 -18:0:96 96 <
ffff8e1eae7fc800 1791483518 C Zi:1:009:1 0:1:656:0 1 0:0:0 96 = 00000000 00000000 00000000 00000000 00000000 00000000 00000000 00000000
ffff8e1eae7fc800 1791483522 S Zi:1:009:1 -115:1:656 1 -18:0:96 96 <
ffff8e1d89d75300 1791484518 C Zi:1:009:1 0:1:657:0 1 0:0:0 96 = 00000000 00000000 00000000 00000000 00000000 00000000 00000000 00000000
ffff8e1d89d75300 1791484521 S Zi:1:009:1 -115:1:657 1 -18:0:96 96 <
ffff8e1e33926c00 1791485517 C Zi:1:009:1 0:1:658:0 1 0:0:0 96 = 00000000 00000000 00000000 00000000 00000000 00000000 00000000 00000000
ffff8e1e33926c00 1791485520 S Zi:1:009:1 -115:1:658 1 -18:0:96 96 <
ffff8e1da3310400 1791486518 C Zi:1:009:1 0:1:659:0 1 0:0:0 96 = 00000000 00000000 00000000 00000000 00000000 00000000 00000000 00000000
ffff8e1da3310400 1791486520 S Zi:1:009:1 -115:1:659 1 -18:0:96 96 <
ffff8e1e52a78f00 1791487518 C Zi:1:009:1 0:1:660:0 1 0:0:0 96 = 00000000 00000000 00000000 00000000 00000000 00000000 00000000 00000000
ffff8e1e52a78f00 1791487520 S Zi:1:009:1 -115:1:660 1 -18:0:96 96 <
ffff8e1de4290f00 1791488518 C Zi:1:009:1 0:1:661:0 1 0:0:0 96 = 00000000 00000000 00000000 00000000 00000000 00000000 00000000 00000000
ffff8e1de4290f00 1791488520 S Zi:1:009:1 -115:1:661 1 -18:0:96 96 <
ffff8e1de4709f00 1791489518 C Zi:1:009:1 0:1:662:0 1 0:0:0 96 = 00000000 00000000 00000000 00000000 00000000 00000000 00000000 00000000
ffff8e1de4709f00 1791489520 S Zi:1:009:1 -115:1:662 1 -18:0:96 96 <
ffff8e1da3310000 1791490517 C Zi:1:009:1 0:1:663:0 1 0:0:0 96 = 00000000 00000000 00000000 00000000 00000000 00000000 00000000 00000000
ffff8e1da3310000 1791490519 S Zi:1:009:1 -115:1:663 1 -18:0:96 96 <
ffff8e1e834d6800 1791491517 C Zi:1:009:1 0:1:664:0 1 0:0:0 96 = 00000000 00000000 00000000 00000000 00000000 00000000 00000000 00000000
ffff8e1e834d6800 1791491519 S Zi:1:009:1 -115:1:664 1 -18:0:96 96 <
ffff8e1e90868b00 1791492517 C Zi:1:009:1 0:1:665:0 1 0:0:0 96 = 00000000 00000000 00000000 00000000 00000000 00000000 00000000 00000000
ffff8e1e90868b00 1791492519 S Zi:1:009:1 -115:1:665 1 -18:0:96 96 <
ffff8e1e90868c00 1791493519 C Zi:1:009:1 0:1:666:0 1 0:0:0 96 = 00000000 00000000 00000000 00000000 00000000 00000000 00000000 00000000
ffff8e1e90868c00 1791493521 S Zi:1:009:1 -115:1:666 1 -18:0:96 96 <
ffff8e1d9c914d00 1791494518 C Zi:1:009:1 0:1:667:0 1 0:0:0 96 = 00000000 00000000 00000000 00000000 00000000 00000000 00000000 00000000
ffff8e1d9c914d00 1791494520 S Zi:1:009:1 -115:1:667 1 -18:0:96 96 <
ffff8e1eae7fc800 1791495518 C Zi:1:009:1 0:1:668:0 1 0:0:0 96 = 00000000 00000000 00000000 00000000 00000000 00000000 00000000 00000000
ffff8e1eae7fc800 1791495520 S Zi:1:009:1 -115:1:668 1 -18:0:96 96 <
ffff8e1d89d75300 1791496518 C Zi:1:009:1 0:1:669:0 1 0:0:0 96 = 00000000 00000000 00000000 00000000 00000000 00000000 00000000 00000000
ffff8e1d89d75300 1791496520 S Zi:1:009:1 -115:1:669 1 -18:0:96 96 <
ffff8e1e33926c00 1791497519 C Zi:1:009:1 0:1:670:0 1 0:0:0 96 = 00000000 00000000 00000000 00000000 00000000 00000000 00000000 00000000
ffff8e1e33926c00 1791497520 S Zi:1:009:1 -115:1:670 1 -18:0:96 96 <
ffff8e1da3310400 1791498518 C Zi:1:009:1 0:1:671:0 1 0:0:0 96 = 00000000 00000000 00000000 00000000 00000000 00000000 00000000 00000000
ffff8e1da3310400 1791498519 S Zi:1:009:1 -115:1:671 1 -18:0:96 96 <
ffff8e1e52a78f00 1791499520 C Zi:1:009:1 0:1:672:0 1 0:0:0 96 = 00000000 00000000 00000000 00000000 00000000 00000000 00000000 00000000
ffff8e1e52a78f00 1791499522 S Zi:1:009:1 -115:1:672 1 -18:0:96 96 <
ffff8e1de4290f00 1791500519 C Zi:1:009:1 0:1:673:0 1 0:0:0 96 = 00000000 00000000 00000000 00000000 00000000 00000000 00000000 00000000
ffff8e1de4290f00 1791500522 S Zi:1:009:1 -115:1:673 1 -18:0:96 96 <
ffff8e1de4709f00 1791501520 C Zi:1:009:1 0:1:674:0 1 0:0:0 96 = 00000000 00000000 00000000 00000000 00000000 00000000 00000000 00000000
ffff8e1de4709f00 1791501522 S Zi:1:009:1 -115:1:674 1 -18:0:96 96 <
ffff8e1da3310000 1791502519 C Zi:1:009:1 0:1:675:0 1 0:0:0 96 = 00000000 00000000 00000000 00000000 00000000 00000000 00000000 00000000
ffff8e1da3310000 1791502522 S Zi:1:009:1 -115:1:675 1 -18:0:96 96 <
ffff8e1e834d6800 1791503519 C Zi:1:009:1 0:1:676:0 1 0:0:0 96 = 00000000 00000000 00000000 00000000 00000000 00000000 00000000 00000000
ffff8e1e834d6800 1791503522 S Zi:1:009:1 -115:1:676 1 -18:0:96 96 <
ffff8e1e90868b00 1791504520 C Zi:1:009:1 0:1:677:0 1 0:0:0 96 = 00000000 00000000 00000000 00000000 00000000 00000000 00000000 00000000
ffff8e1e90868b00 1791504522 S Zi:1:009:1 -115:1:677 1 -18:0:96 96 <
ffff8e1e90868c00 1791505519 C Zi:1:009:1 0:1:678:0 1 0:0:0 96 = 00000000 00000000 00000000 00000000 00000000 00000000 00000000 00000000
ffff8e1e90868c00 1791505522 S Zi:1:009:1 -115:1:678 1 -18:0:96 96 <
ffff8e1d9c914d00 1791506519 C Zi:1:009:1 0:1:679:0 1 0:0:0 96 = 00000000 00000000 00000000 00000000 00000000 00000000 00000000 00000000
ffff8e1d9c914d00 1791506524 S Zi:1:009:1 -115:1:679 1 -18:0:96 96 <
ffff8e1eae7fc800 1791507519 C Zi:1:009:1 0:1:680:0 1 0:0:0 96 = 00000000 00000000 00000000 00000000 00000000 00000000 00000000 00000000
ffff8e1eae7fc800 1791507521 S Zi:1:009:1 -115:1:680 1 -18:0:96 96 <
ffff8e1d89d75300 1791508519 C Zi:1:009:1 0:1:681:0 1 0:0:0 96 = 00000000 00000000 00000000 00000000 00000000 00000000 00000000 00000000
ffff8e1d89d75300 1791508521 S Zi:1:009:1 -115:1:681 1 -18:0:96 96 <
ffff8e1e33926c00 1791509520 C Zi:1:009:1 0:1:682:0 1 0:0:0 96 = 00000000 00000000 00000000 00000000 00000000 00000000 00000000 00000000
ffff8e1e33926c00 1791509522 S Zi:1:009:1 -115:1:682 1 -18:0:96 96 <
ffff8e1da3310400 1791510519 C Zi:1:009:1 0:1:683:0 1 0:0:0 96 = 00000000 00000000 00000000 00000000 00000000 00000000 00000000 00000000
ffff8e1da3310400 1791510521 S Zi:1:009:1 -115:1:683 1 -18:0:96 96 <
ffff8e1e52a78f00 1791511520 C Zi:1:009:1 0:1:684:0 1 0:0:0 96 = 00000000 00000000 00000000 00000000 00000000 00000000 00000000 00000000
ffff8e1e52a78f00 1791511521 S Zi:1:009:1 -115:1:684 1 -18:0:96 96 <
ffff8e1de4290f00 1791512519 C Zi:1:009:1 0:1:685:0 1 0:0:0 96 = 00000000 00000000 00000000 00000000 00000000 00000000 00000000 00000000
ffff8e1de4290f00 1791512521 S Zi:1:009:1 -115:1:685 1 -18:0:96 96 <
ffff8e1de4709f00 1791513519 C Zi:1:009:1 0:1:686:0 1 0:0:0 96 = 00000000 00000000 00000000 00000000 00000000 00000000 00000000 00000000
ffff8e1de4709f00 1791513521 S Zi:1:009:1 -115:1:686 1 -18:0:96 96 <
ffff8e1da3310000 1791514520 C Zi:1:009:1 0:1:687:0 1 0:0:0 96 = 00000000 00000000 00000000 00000000 00000000 00000000 00000000 00000000
ffff8e1da3310000 1791514522 S Zi:1:009:1 -115:1:687 1 -18:0:96 96 <
ffff8e1e834d6800 1791515519 C Zi:1:009:1 0:1:688:0 1 0:0:0 96 = 00000000 00000000 00000000 00000000 00000000 00000000 00000000 00000000
ffff8e1e834d6800 1791515521 S Zi:1:009:1 -115:1:688 1 -18:0:96 96 <
ffff8e1e90868b00 1791516521 C Zi:1:009:1 0:1:689:0 1 0:0:0 96 = 00000000 00000000 00000000 00000000 00000000 00000000 00000000 00000000
ffff8e1e90868b00 1791516524 S Zi:1:009:1 -115:1:689 1 -18:0:96 96 <
ffff8e1e90868c00 1791517522 C Zi:1:009:1 0:1:690:0 1 0:0:0 96 = 00000000 00000000 00000000 00000000 00000000 00000000 00000000 00000000
ffff8e1e90868c00 1791517524 S Zi:1:009:1 -115:1:690 1 -18:0:96 96 <
ffff8e1d9c914d00 1791518521 C Zi:1:009:1 0:1:691:0 1 0:0:0 96 = 00000000 00000000 00000000 00000000 00000000 00000000 00000000 00000000
ffff8e1d9c914d00 1791518524 S Zi:1:009:1 -115:1:691 1 -18:0:96 96 <
ffff8e1eae7fc800 1791519521 C Zi:1:009:1 0:1:692:0 1 0:0:0 96 = 00000000 00000000 00000000 00000000 00000000 00000000 00000000 00000000
ffff8e1eae7fc800 1791519523 S Zi:1:009:1 -115:1:692 1 -18:0:96 96 <
ffff8e1d89d75300 1791520521 C Zi:1:009:1 0:1:693:0 1 0:0:0 96 = 00000000 00000000 00000000 00000000 00000000 00000000 00000000 00000000
ffff8e1d89d75300 1791520523 S Zi:1:009:1 -115:1:693 1 -18:0:96 96 <
ffff8e1e33926c00 1791521521 C Zi:1:009:1 0:1:694:0 1 0:0:0 96 = 00000000 00000000 00000000 00000000 00000000 00000000 00000000 00000000
ffff8e1e33926c00 1791521523 S Zi:1:009:1 -115:1:694 1 -18:0:96 96 <
ffff8e1da3310400 1791522521 C Zi:1:009:1 0:1:695:0 1 0:0:0 96 = 00000000 00000000 00000000 00000000 00000000 00000000 00000000 00000000
ffff8e1da3310400 1791522523 S Zi:1:009:1 -115:1:695 1 -18:0:96 96 <
ffff8e1e52a78f00 1791523521 C Zi:1:009:1 0:1:696:0 1 0:0:0 96 = 00000000 00000000 00000000 00000000 00000000 00000000 00000000 00000000
ffff8e1e52a78f00 1791523522 S Zi:1:009:1 -115:1:696 1 -18:0:96 96 <
ffff8e1de4290f00 1791524521 C Zi:1:009:1 0:1:697:0 1 0:0:0 96 = 00000000 00000000 00000000 00000000 00000000 00000000 00000000 00000000
ffff8e1de4290f00 1791524522 S Zi:1:009:1 -115:1:697 1 -18:0:96 96 <
ffff8e1de4709f00 1791525521 C Zi:1:009:1 0:1:698:0 1 0:0:0 96 = 00000000 00000000 00000000 00000000 00000000 00000000 00000000 00000000
ffff8e1de4709f00 1791525522 S Zi:1:009:1 -115:1:698 1 -18:0:96 96 <
ffff8e1da3310000 1791526521 C Zi:1:009:1 0:1:699:0 1 0:0:0 96 = 00000000 00000000 00000000 00000000 00000000 00000000 00000000 00000000
ffff8e1da3310000 1791526523 S Zi:1:009:1 -115:1:699 1 -18:0:96 96 <
ffff8e1e834d6800 1791527521 C Zi:1:009:1 0:1:700:0 1 0:0:0 96 = 00000000 00000000 00000000 00000000 00000000 00000000 00000000 00000000
ffff8e1e834d6800 1791527522 S Zi:1:009:1 -115:1:700 1 -18:0:96 96 <
ffff8e1e90868b00 1791528521 C Zi:1:009:1 0:1:701:0 1 0:0:0 96 = 00000000 00000000 00000000 00000000 00000000 00000000 00000000 00000000
ffff8e1e90868b00 1791528522 S Zi:1:009:1 -115:1:701 1 -18:0:96 96 <
ffff8e1e90868c00 1791529521 C Zi:1:009:1 0:1:702:0 1 0:0:0 96 = 00000000 00000000 00000000 00000000 00000000 00000000 00000000 00000000
ffff8e1e90868c00 1791529522 S Zi:1:009:1 -115:1:702 1 -18:0:96 96 <
ffff8e1d9c914d00 1791530522 C Zi:1:009:1 0:1:703:0 1 0:0:0 96 = 00000000 00000000 00000000 00000000 00000000 00000000 00000000 00000000
ffff8e1d9c914d00 1791530524 S Zi:1:009:1 -115:1:703 1 -18:0:96 96 <
ffff8e1eae7fc800 1791531521 C Zi:1:009:1 0:1:704:0 1 0:0:0 96 = 00000000 00000000 00000000 00000000 00000000 00000000 00000000 00000000
ffff8e1eae7fc800 1791531523 S Zi:1:009:1 -115:1:704 1 -18:0:96 96 <
ffff8e1d89d75300 1791532521 C Zi:1:009:1 0:1:705:0 1 0:0:0 96 = 00000000 00000000 00000000 00000000 00000000 00000000 00000000 00000000
ffff8e1d89d75300 1791532523 S Zi:1:009:1 -115:1:705 1 -18:0:96 96 <
ffff8e1e33926c00 1791533523 C Zi:1:009:1 0:1:706:0 1 0:0:0 96 = 00000000 00000000 00000000 00000000 00000000 00000000 00000000 00000000
ffff8e1e33926c00 1791533525 S Zi:1:009:1 -115:1:706 1 -18:0:96 96 <
ffff8e1da3310400 1791534522 C Zi:1:009:1 0:1:707:0 1 0:0:0 96 = 00000000 00000000 00000000 00000000 00000000 00000000 00000000 00000000
ffff8e1da3310400 1791534524 S Zi:1:009:1 -115:1:707 1 -18:0:96 96 <
ffff8e1e52a78f00 1791535522 C Zi:1:009:1 0:1:708:0 1 0:0:0 96 = 00000000 00000000 00000000 00000000 00000000 00000000 00000000 00000000
ffff8e1e52a78f00 1791535525 S Zi:1:009:1 -115:1:708 1 -18:0:96 96 <
ffff8e1de4290f00 1791536522 C Zi:1:009:1 0:1:709:0 1 0:0:0 96 = 00000000 00000000 00000000 00000000 00000000 00000000 00000000 00000000
ffff8e1de4290f00 1791536529 S Zi:1:009:1 -115:1:709 1 -18:0:96 96 <
ffff8e1de4709f00 1791537524 C Zi:1:009:1 0:1:710:0 1 0:0:0 96 = 00000000 00000000 00000000 00000000 00000000 00000000 00000000 00000000
ffff8e1de4709f00 1791537526 S Zi:1:009:1 -115:1:710 1 -18:0:96 96 <
ffff8e1da3310000 1791538522 C Zi:1:009:1 0:1:711:0 1 0:0:0 96 = 00000000 00000000 00000000 00000000 00000000 00000000 00000000 00000000
ffff8e1da3310000 1791538525 S Zi:1:009:1 -115:1:711 1 -18:0:96 96 <
ffff8e1e834d6800 1791539522 C Zi:1:009:1 0:1:712:0 1 0:0:0 96 = 00000000 00000000 00000000 00000000 00000000 00000000 00000000 00000000
ffff8e1e834d6800 1791539524 S Zi:1:009:1 -115:1:712 1 -18:0:96 96 <
ffff8e1e90868b00 1791540522 C Zi:1:009:1 0:1:713:0 1 0:0:0 96 = 00000000 00000000 00000000 00000000 00000000 00000000 00000000 00000000
ffff8e1e90868b00 1791540524 S Zi:1:009:1 -115:1:713 1 -18:0:96 96 <
ffff8e1e90868c00 1791541523 C Zi:1:009:1 0:1:714:0 1 0:0:0 96 = 00000000 00000000 00000000 00000000 00000000 00000000 00000000 00000000
ffff8e1e90868c00 1791541525 S Zi:1:009:1 -115:1:714 1 -18:0:96 96 <
ffff8e1d9c914d00 1791542522 C Zi:1:009:1 0:1:715:0 1 0:0:0 96 = 00000000 00000000 00000000 00000000 00000000 00000000 00000000 00000000
ffff8e1d9c914d00 1791542525 S Zi:1:009:1 -115:1:715 1 -18:0:96 96 <
ffff8e1eae7fc800 1791543523 C Zi:1:009:1 0:1:716:0 1 0:0:0 96 = 00000000 00000000 00000000 00000000 00000000 00000000 00000000 00000000
ffff8e1eae7fc800 1791543525 S Zi:1:009:1 -115:1:716 1 -18:0:96 96 <
ffff8e1d89d75300 1791544523 C Zi:1:009:1 0:1:717:0 1 0:0:0 96 = 00000000 00000000 00000000 00000000 00000000 00000000 00000000 00000000
ffff8e1d89d75300 1791544524 S Zi:1:009:1 -115:1:717 1 -18:0:96 96 <
ffff8e1e33926c00 1791545522 C Zi:1:009:1 0:1:718:0 1 0:0:0 96 = 00000000 00000000 00000000 00000000 00000000 00000000 00000000 00000000
ffff8e1e33926c00 1791545524 S Zi:1:009:1 -115:1:718 1 -18:0:96 96 <
ffff8e1da3310400 1791546522 C Zi:1:009:1 0:1:719:0 1 0:0:0 96 = 00000000 00000000 00000000 00000000 00000000 00000000 00000000 00000000
ffff8e1da3310400 1791546524 S Zi:1:009:1 -115:1:719 1 -18:0:96 96 <
ffff8e1e52a78f00 1791547523 C Zi:1:009:1 0:1:720:0 1 0:0:0 96 = 00000000 00000000 00000000 00000000 00000000 00000000 00000000 00000000
ffff8e1e52a78f00 1791547525 S Zi:1:009:1 -115:1:720 1 -18:0:96 96 <
ffff8e1de4290f00 1791548522 C Zi:1:009:1 0:1:721:0 1 0:0:0 96 = 00000000 00000000 00000000 00000000 00000000 00000000 00000000 00000000
ffff8e1de4290f00 1791548524 S Zi:1:009:1 -115:1:721 1 -18:0:96 96 <
ffff8e1de4709f00 1791549525 C Zi:1:009:1 0:1:722:0 1 0:0:0 96 = 00000000 00000000 00000000 00000000 00000000 00000000 00000000 00000000
ffff8e1de4709f00 1791549528 S Zi:1:009:1 -115:1:722 1 -18:0:96 96 <
ffff8e1da3310000 1791550523 C Zi:1:009:1 0:1:723:0 1 0:0:0 96 = 00000000 00000000 00000000 00000000 00000000 00000000 00000000 00000000
ffff8e1da3310000 1791550526 S Zi:1:009:1 -115:1:723 1 -18:0:96 96 <
ffff8e1e834d6800 1791551525 C Zi:1:009:1 0:1:724:0 1 0:0:0 96 = 00000000 00000000 00000000 00000000 00000000 00000000 00000000 00000000
ffff8e1e834d6800 1791551528 S Zi:1:009:1 -115:1:724 1 -18:0:96 96 <
ffff8e1e90868b00 1791552524 C Zi:1:009:1 0:1:725:0 1 0:0:0 96 = 00000000 00000000 00000000 00000000 00000000 00000000 00000000 00000000
ffff8e1e90868b00 1791552526 S Zi:1:009:1 -115:1:725 1 -18:0:96 96 <
ffff8e1e90868c00 1791553523 C Zi:1:009:1 0:1:726:0 1 0:0:0 96 = 00000000 00000000 00000000 00000000 00000000 00000000 00000000 00000000
ffff8e1e90868c00 1791553524 S Zi:1:009:1 -115:1:726 1 -18:0:96 96 <
ffff8e1d9c914d00 1791554524 C Zi:1:009:1 0:1:727:0 1 0:0:0 96 = 00000000 00000000 00000000 00000000 00000000 00000000 00000000 00000000
ffff8e1d9c914d00 1791554527 S Zi:1:009:1 -115:1:727 1 -18:0:96 96 <
ffff8e1eae7fc800 1791555525 C Zi:1:009:1 0:1:728:0 1 0:0:0 96 = 00000000 00000000 00000000 00000000 00000000 00000000 00000000 00000000
ffff8e1eae7fc800 1791555528 S Zi:1:009:1 -115:1:728 1 -18:0:96 96 <
ffff8e1d89d75300 1791556524 C Zi:1:009:1 0:1:729:0 1 0:0:0 96 = 00000000 00000000 00000000 00000000 00000000 00000000 00000000 00000000
ffff8e1d89d75300 1791556526 S Zi:1:009:1 -115:1:729 1 -18:0:96 96 <
ffff8e1e33926c00 1791557524 C Zi:1:009:1 0:1:730:0 1 0:0:0 96 = 00000000 00000000 00000000 00000000 00000000 00000000 00000000 00000000
ffff8e1e33926c00 1791557526 S Zi:1:009:1 -115:1:730 1 -18:0:96 96 <
ffff8e1da3310400 1791558524 C Zi:1:009:1 0:1:731:0 1 0:0:0 96 = 00000000 00000000 00000000 00000000 00000000 00000000 00000000 00000000
ffff8e1da3310400 1791558526 S Zi:1:009:1 -115:1:731 1 -18:0:96 96 <
ffff8e1e52a78f00 1791559524 C Zi:1:009:1 0:1:732:0 1 0:0:0 96 = 00000000 00000000 00000000 00000000 00000000 00000000 00000000 00000000
ffff8e1e52a78f00 1791559527 S Zi:1:009:1 -115:1:732 1 -18:0:96 96 <
ffff8e1de4290f00 1791560524 C Zi:1:009:1 0:1:733:0 1 0:0:0 96 = 00000000 00000000 00000000 00000000 00000000 00000000 00000000 00000000
ffff8e1de4290f00 1791560525 S Zi:1:009:1 -115:1:733 1 -18:0:96 96 <
ffff8e1de4709f00 1791561524 C Zi:1:009:1 0:1:734:0 1 0:0:0 96 = 00000000 00000000 00000000 00000000 00000000 00000000 00000000 00000000
ffff8e1de4709f00 1791561526 S Zi:1:009:1 -115:1:734 1 -18:0:96 96 <
ffff8e1da3310000 1791562524 C Zi:1:009:1 0:1:735:0 1 0:0:0 96 = 00000000 00000000 00000000 00000000 00000000 00000000 00000000 00000000
ffff8e1da3310000 1791562526 S Zi:1:009:1 -115:1:735 1 -18:0:96 96 <
ffff8e1e834d6800 1791563524 C Zi:1:009:1 0:1:736:0 1 0:0:0 96 = 00000000 00000000 00000000 00000000 00000000 00000000 00000000 00000000
ffff8e1e834d6800 1791563526 S Zi:1:009:1 -115:1:736 1 -18:0:96 96 <
ffff8e1e90868b00 1791564524 C Zi:1:009:1 0:1:737:0 1 0:0:0 96 = 00000000 00000000 00000000 00000000 00000000 00000000 00000000 00000000
ffff8e1e90868b00 1791564526 S Zi:1:009:1 -115:1:737 1 -18:0:96 96 <
ffff8e1e90868c00 1791565524 C Zi:1:009:1 0:1:738:0 1 0:0:0 96 = 00000000 00000000 00000000 00000000 00000000 00000000 00000000 00000000
ffff8e1e90868c00 1791565526 S Zi:1:009:1 -115:1:738 1 -18:0:96 96 <
ffff8e1d9c914d00 1791566526 C Zi:1:009:1 0:1:739:0 1 0:0:0 96 = 00000000 00000000 00000000 00000000 00000000 00000000 00000000 00000000
ffff8e1d9c914d00 1791566533 S Zi:1:009:1 -115:1:739 1 -18:0:96 96 <
ffff8e1eae7fc800 1791567525 C Zi:1:009:1 0:1:740:0 1 0:0:0 96 = 00000000 00000000 00000000 00000000 00000000 00000000 00000000 00000000
ffff8e1eae7fc800 1791567527 S Zi:1:009:1 -115:1:740 1 -18:0:96 96 <
ffff8e1d89d75300 1791568526 C Zi:1:009:1 0:1:741:0 1 0:0:0 96 = 00000000 00000000 00000000 00000000 00000000 00000000 00000000 00000000
ffff8e1d89d75300 1791568528 S Zi:1:009:1 -115:1:741 1 -18:0:96 96 <
ffff8e1e33926c00 1791569525 C Zi:1:009:1 0:1:742:0 1 0:0:0 96 = 00000000 00000000 00000000 00000000 00000000 00000000 00000000 00000000
ffff8e1e33926c00 1791569528 S Zi:1:009:1 -115:1:742 1 -18:0:96 96 <
ffff8e1da3310400 1791570525 C Zi:1:009:1 0:1:743:0 1 0:0:0 96 = 00000000 00000000 00000000 00000000 00000000 00000000 00000000 00000000
ffff8e1da3310400 1791570527 S Zi:1:009:1 -115:1:743 1 -18:0:96 96 <
ffff8e1e52a78f00 1791571525 C Zi:1:009:1 0:1:744:0 1 0:0:0 96 = 00000000 00000000 00000000 00000000 00000000 00000000 00000000 00000000
ffff8e1e52a78f00 1791571528 S Zi:1:009:1 -115:1:744 1 -18:0:96 96 <
ffff8e1de4290f00 1791572526 C Zi:1:009:1 0:1:745:0 1 0:0:0 96 = 00000000 00000000 00000000 00000000 00000000 00000000 00000000 00000000
ffff8e1de4290f00 1791572528 S Zi:1:009:1 -115:1:745 1 -18:0:96 96 <
ffff8e1de4709f00 1791573525 C Zi:1:009:1 0:1:746:0 1 0:0:0 96 = 00000000 00000000 00000000 00000000 00000000 00000000 00000000 00000000
ffff8e1de4709f00 1791573526 S Zi:1:009:1 -115:1:746 1 -18:0:96 96 <
ffff8e1da3310000 1791574525 C Zi:1:009:1 0:1:747:0 1 0:0:0 96 = 00000000 00000000 00000000 00000000 00000000 00000000 00000000 00000000
ffff8e1da3310000 1791574527 S Zi:1:009:1 -115:1:747 1 -18:0:96 96 <
ffff8e1e834d6800 1791575525 C Zi:1:009:1 0:1:748:0 1 0:0:0 96 = 00000000 00000000 00000000 00000000 00000000 00000000 00000000 00000000
ffff8e1e834d6800 1791575526 S Zi:1:009:1 -115:1:748 1 -18:0:96 96 <
ffff8e1e90868b00 1791576525 C Zi:1:009:1 0:1:749:0 1 0:0:0 96 = 00000000 00000000 00000000 00000000 00000000 00000000 00000000 00000000
ffff8e1e90868b00 1791576527 S Zi:1:009:1 -115:1:749 1 -18:0:96 96 <
ffff8e1e90868c00 1791577526 C Zi:1:009:1 0:1:750:0 1 0:0:0 96 = 00000000 00000000 00000000 00000000 00000000 00000000 00000000 00000000
ffff8e1e90868c00 1791577528 S Zi:1:009:1 -115:1:750 1 -18:0:96 96 <
ffff8e1d9c914d00 1791578525 C Zi:1:009:1 0:1:751:0 1 0:0:0 96 = 00000000 00000000 00000000 00000000 00000000 00000000 00000000 00000000
ffff8e1d9c914d00 1791578527 S Zi:1:009:1 -115:1:751 1 -18:0:96 96 <
ffff8e1eae7fc800 1791579525 C Zi:1:009:1 0:1:752:0 1 0:0:0 96 = 00000000 00000000 00000000 00000000 00000000 00000000 00000000 00000000
ffff8e1eae7fc800 1791579527 S Zi:1:009:1 -115:1:752 1 -18:0:96 96 <
ffff8e1d89d75300 1791580525 C Zi:1:009:1 0:1:753:0 1 0:0:0 96 = 00000000 00000000 00000000 00000000 00000000 00000000 00000000 00000000
ffff8e1d89d75300 1791580527 S Zi:1:009:1 -115:1:753 1 -18:0:96 96 <
ffff8e1e33926c00 1791581526 C Zi:1:009:1 0:1:754:0 1 0:0:0 96 = 00000000 00000000 00000000 00000000 00000000 00000000 00000000 00000000
ffff8e1e33926c00 1791581528 S Zi:1:009:1 -115:1:754 1 -18:0:96 96 <
ffff8e1da3310400 1791582525 C Zi:1:009:1 0:1:755:0 1 0:0:0 96 = 00000000 00000000 00000000 00000000 00000000 00000000 00000000 00000000
ffff8e1da3310400 1791582527 S Zi:1:009:1 -115:1:755 1 -18:0:96 96 <
ffff8e1e52a78f00 1791583527 C Zi:1:009:1 0:1:756:0 1 0:0:0 96 = 00000000 00000000 00000000 00000000 00000000 00000000 00000000 00000000
ffff8e1e52a78f00 1791583529 S Zi:1:009:1 -115:1:756 1 -18:0:96 96 <
ffff8e1de4290f00 1791584528 C Zi:1:009:1 0:1:757:0 1 0:0:0 96 = 00000000 00000000 00000000 00000000 00000000 00000000 00000000 00000000
ffff8e1de4290f00 1791584530 S Zi:1:009:1 -115:1:757 1 -18:0:96 96 <
ffff8e1de4709f00 1791585527 C Zi:1:009:1 0:1:758:0 1 0:0:0 96 = 00000000 00000000 00000000 00000000 00000000 00000000 00000000 00000000
ffff8e1de4709f00 1791585529 S Zi:1:009:1 -115:1:758 1 -18:0:96 96 <
ffff8e1da3310000 1791586527 C Zi:1:009:1 0:1:759:0 1 0:0:0 96 = 00000000 00000000 00000000 00000000 00000000 00000000 00000000 00000000
ffff8e1da3310000 1791586529 S Zi:1:009:1 -115:1:759 1 -18:0:96 96 <
ffff8e1e834d6800 1791587527 C Zi:1:009:1 0:1:760:0 1 0:0:0 96 = 00000000 00000000 00000000 00000000 00000000 00000000 00000000 00000000
ffff8e1e834d6800 1791587529 S Zi:1:009:1 -115:1:760 1 -18:0:96 96 <
ffff8e1e90868b00 1791588527 C Zi:1:009:1 0:1:761:0 1 0:0:0 96 = 00000000 00000000 00000000 00000000 00000000 00000000 00000000 00000000
ffff8e1e90868b00 1791588530 S Zi:1:009:1 -115:1:761 1 -18:0:96 96 <
ffff8e1e90868c00 1791589526 C Zi:1:009:1 0:1:762:0 1 0:0:0 96 = 00000000 00000000 00000000 00000000 00000000 00000000 00000000 00000000
ffff8e1e90868c00 1791589528 S Zi:1:009:1 -115:1:762 1 -18:0:96 96 <
ffff8e1d9c914d00 1791590526 C Zi:1:009:1 0:1:763:0 1 0:0:0 96 = 00000000 00000000 00000000 00000000 00000000 00000000 00000000 00000000
ffff8e1d9c914d00 1791590528 S Zi:1:009:1 -115:1:763 1 -18:0:96 96 <
ffff8e1eae7fc800 1791591527 C Zi:1:009:1 0:1:764:0 1 0:0:0 96 = 00000000 00000000 00000000 00000000 00000000 00000000 00000000 00000000
ffff8e1eae7fc800 1791591528 S Zi:1:009:1 -115:1:764 1 -18:0:96 96 <
ffff8e1d89d75300 1791592527 C Zi:1:009:1 0:1:765:0 1 0:0:0 96 = 00000000 00000000 00000000 00000000 00000000 00000000 00000000 00000000
ffff8e1d89d75300 1791592528 S Zi:1:009:1 -115:1:765 1 -18:0:96 96 <
ffff8e1e33926c00 1791593527 C Zi:1:009:1 0:1:766:0 1 0:0:0 96 = 00000000 00000000 00000000 00000000 00000000 00000000 00000000 00000000
ffff8e1e33926c00 1791593529 S Zi:1:009:1 -115:1:766 1 -18:0:96 96 <
ffff8e1da3310400 1791594527 C Zi:1:009:1 0:1:767:0 1 0:0:0 96 = 00000000 00000000 00000000 00000000 00000000 00000000 00000000 00000000
ffff8e1da3310400 1791594529 S Zi:1:009:1 -115:1:767 1 -18:0:96 96 <
ffff8e1e52a78f00 1791595527 C Zi:1:009:1 0:1:768:0 1 0:0:0 96 = 00000000 00000000 00000000 00000000 00000000 00000000 00000000 00000000
ffff8e1e52a78f00 1791595528 S Zi:1:009:1 -115:1:768 1 -18:0:96 96 <
ffff8e1de4290f00 1791596527 C Zi:1:009:1 0:1:769:0 1 0:0:0 96 = 00000000 00000000 00000000 00000000 00000000 00000000 00000000 00000000
ffff8e1de4290f00 1791596529 S Zi:1:009:1 -115:1:769 1 -18:0:96 96 <
ffff8e1de4709f00 1791597528 C Zi:1:009:1 0:1:770:0 1 0:0:0 96 = 00000000 00000000 00000000 00000000 00000000 00000000 00000000 00000000
ffff8e1de4709f00 1791597529 S Zi:1:009:1 -115:1:770 1 -18:0:96 96 <
ffff8e1da3310000 1791598527 C Zi:1:009:1 0:1:771:0 1 0:0:0 96 = 00000000 00000000 00000000 00000000 00000000 00000000 00000000 00000000
ffff8e1da3310000 1791598528 S Zi:1:009:1 -115:1:771 1 -18:0:96 96 <
ffff8e1e834d6800 1791599529 C Zi:1:009:1 0:1:772:0 1 0:0:0 96 = 00000000 00000000 00000000 00000000 00000000 00000000 00000000 00000000
ffff8e1e834d6800 1791599531 S Zi:1:009:1 -115:1:772 1 -18:0:96 96 <
ffff8e1e90868b00 1791600528 C Zi:1:009:1 0:1:773:0 1 0:0:0 96 = 00000000 00000000 00000000 00000000 00000000 00000000 00000000 00000000
ffff8e1e90868b00 1791600530 S Zi:1:009:1 -115:1:773 1 -18:0:96 96 <
ffff8e1e90868c00 1791601529 C Zi:1:009:1 0:1:774:0 1 0:0:0 96 = 00000000 00000000 00000000 00000000 00000000 00000000 00000000 00000000
ffff8e1e90868c00 1791601531 S Zi:1:009:1 -115:1:774 1 -18:0:96 96 <
ffff8e1d9c914d00 1791602528 C Zi:1:009:1 0:1:775:0 1 0:0:0 96 = 00000000 00000000 00000000 00000000 00000000 00000000 00000000 00000000
ffff8e1d9c914d00 1791602531 S Zi:1:009:1 -115:1:775 1 -18:0:96 96 <
ffff8e1eae7fc800 1791603528 C Zi:1:009:1 0:1:776:0 1 0:0:0 96 = 00000000 00000000 00000000 00000000 00000000 00000000 00000000 00000000
ffff8e1eae7fc800 1791603530 S Zi:1:009:1 -115:1:776 1 -18:0:96 96 <
ffff8e1d89d75300 1791604528 C Zi:1:009:1 0:1:777:0 1 0:0:0 96 = 00000000 00000000 00000000 00000000 00000000 00000000 00000000 00000000
ffff8e1d89d75300 1791604530 S Zi:1:009:1 -115:1:777 1 -18:0:96 96 <
ffff8e1e33926c00 1791605528 C Zi:1:009:1 0:1:778:0 1 0:0:0 96 = 00000000 00000000 00000000 00000000 00000000 00000000 00000000 00000000
ffff8e1e33926c00 1791605530 S Zi:1:009:1 -115:1:778 1 -18:0:96 96 <
ffff8e1da3310400 1791606528 C Zi:1:009:1 0:1:779:0 1 0:0:0 96 = 00000000 00000000 00000000 00000000 00000000 00000000 00000000 00000000
ffff8e1da3310400 1791606529 S Zi:1:009:1 -115:1:779 1 -18:0:96 96 <
ffff8e1e52a78f00 1791607528 C Zi:1:009:1 0:1:780:0 1 0:0:0 96 = 00000000 00000000 00000000 00000000 00000000 00000000 00000000 00000000
ffff8e1e52a78f00 1791607530 S Zi:1:009:1 -115:1:780 1 -18:0:96 96 <
ffff8e1de4290f00 1791608528 C Zi:1:009:1 0:1:781:0 1 0:0:0 96 = 00000000 00000000 00000000 00000000 00000000 00000000 00000000 00000000
ffff8e1de4290f00 1791608530 S Zi:1:009:1 -115:1:781 1 -18:0:96 96 <
ffff8e1de4709f00 1791609528 C Zi:1:009:1 0:1:782:0 1 0:0:0 96 = 00000000 00000000 00000000 00000000 00000000 00000000 00000000 00000000
ffff8e1de4709f00 1791609530 S Zi:1:009:1 -115:1:782 1 -18:0:96 96 <
ffff8e1da3310000 1791610528 C Zi:1:009:1 0:1:783:0 1 0:0:0 96 = 00000000 00000000 00000000 00000000 00000000 00000000 00000000 00000000
ffff8e1da3310000 1791610530 S Zi:1:009:1 -115:1:783 1 -18:0:96 96 <
ffff8e1e834d6800 1791611529 C Zi:1:009:1 0:1:784:0 1 0:0:0 96 = 00000000 00000000 00000000 00000000 00000000 00000000 00000000 00000000
ffff8e1e834d6800 1791611531 S Zi:1:009:1 -115:1:784 1 -18:0:96 96 <
ffff8e1e90868b00 1791612528 C Zi:1:009:1 0:1:785:0 1 0:0:0 96 = 00000000 00000000 00000000 00000000 00000000 00000000 00000000 00000000
ffff8e1e90868b00 1791612530 S Zi:1:009:1 -115:1:785 1 -18:0:96 96 <
ffff8e1e90868c00 1791613528 C Zi:1:009:1 0:1:786:0 1 0:0:0 96 = 00000000 00000000 00000000 00000000 00000000 00000000 00000000 00000000
ffff8e1e90868c00 1791613530 S Zi:1:009:1 -115:1:786 1 -18:0:96 96 <
ffff8e1d9c914d00 1791614529 C Zi:1:009:1 0:1:787:0 1 0:0:0 96 = 00000000 00000000 00000000 00000000 00000000 00000000 00000000 00000000
ffff8e1d9c914d00 1791614531 S Zi:1:009:1 -115:1:787 1 -18:0:96 96 <
ffff8e1eae7fc800 1791615529 C Zi:1:009:1 0:1:788:0 1 0:0:0 96 = 00000000 00000000 00000000 00000000 00000000 00000000 00000000 00000000
ffff8e1eae7fc800 1791615530 S Zi:1:009:1 -115:1:788 1 -18:0:96 96 <
ffff8e1d89d75300 1791616530 C Zi:1:009:1 0:1:789:0 1 0:0:0 96 = 00000000 00000000 00000000 00000000 00000000 00000000 00000000 00000000
ffff8e1d89d75300 1791616533 S Zi:1:009:1 -115:1:789 1 -18:0:96 96 <
ffff8e1e33926c00 1791617530 C Zi:1:009:1 0:1:790:0 1 0:0:0 96 = 00000000 00000000 00000000 00000000 00000000 00000000 00000000 00000000
ffff8e1e33926c00 1791617534 S Zi:1:009:1 -115:1:790 1 -18:0:96 96 <
ffff8e1da3310400 1791618530 C Zi:1:009:1 0:1:791:0 1 0:0:0 96 = 00000000 00000000 00000000 00000000 00000000 00000000 00000000 00000000
ffff8e1da3310400 1791618533 S Zi:1:009:1 -115:1:791 1 -18:0:96 96 <
ffff8e1e52a78f00 1791619530 C Zi:1:009:1 0:1:792:0 1 0:0:0 96 = 00000000 00000000 00000000 00000000 00000000 00000000 00000000 00000000
ffff8e1e52a78f00 1791619532 S Zi:1:009:1 -115:1:792 1 -18:0:96 96 <
ffff8e1de4290f00 1791620529 C Zi:1:009:1 0:1:793:0 1 0:0:0 96 = 00000000 00000000 00000000 00000000 00000000 00000000 00000000 00000000
ffff8e1de4290f00 1791620532 S Zi:1:009:1 -115:1:793 1 -18:0:96 96 <
ffff8e1de4709f00 1791621530 C Zi:1:009:1 0:1:794:0 1 0:0:0 96 = 00000000 00000000 00000000 00000000 00000000 00000000 00000000 00000000
ffff8e1de4709f00 1791621532 S Zi:1:009:1 -115:1:794 1 -18:0:96 96 <
ffff8e1da3310000 1791622530 C Zi:1:009:1 0:1:795:0 1 0:0:0 96 = 00000000 00000000 00000000 00000000 00000000 00000000 00000000 00000000
ffff8e1da3310000 1791622532 S Zi:1:009:1 -115:1:795 1 -18:0:96 96 <
ffff8e1e834d6800 1791623529 C Zi:1:009:1 0:1:796:0 1 0:0:0 96 = 00000000 00000000 00000000 00000000 00000000 00000000 00000000 00000000
ffff8e1e834d6800 1791623531 S Zi:1:009:1 -115:1:796 1 -18:0:96 96 <
ffff8e1e90868b00 1791624529 C Zi:1:009:1 0:1:797:0 1 0:0:0 96 = 00000000 00000000 00000000 00000000 00000000 00000000 00000000 00000000
ffff8e1e90868b00 1791624531 S Zi:1:009:1 -115:1:797 1 -18:0:96 96 <
ffff8e1e90868c00 1791625530 C Zi:1:009:1 0:1:798:0 1 0:0:0 96 = 00000000 00000000 00000000 00000000 00000000 00000000 00000000 00000000
ffff8e1e90868c00 1791625531 S Zi:1:009:1 -115:1:798 1 -18:0:96 96 <
ffff8e1d9c914d00 1791626530 C Zi:1:009:1 0:1:799:0 1 0:0:0 96 = 00000000 00000000 00000000 00000000 00000000 00000000 00000000 00000000
ffff8e1d9c914d00 1791626532 S Zi:1:009:1 -115:1:799 1 -18:0:96 96 <
ffff8e1eae7fc800 1791627530 C Zi:1:009:1 0:1:800:0 1 0:0:0 96 = 00000000 00000000 00000000 00000000 00000000 00000000 00000000 00000000
ffff8e1eae7fc800 1791627535 S Zi:1:009:1 -115:1:800 1 -18:0:96 96 <
ffff8e1d89d75300 1791628530 C Zi:1:009:1 0:1:801:0 1 0:0:0 96 = 00000000 00000000 00000000 00000000 00000000 00000000 00000000 00000000
ffff8e1d89d75300 1791628531 S Zi:1:009:1 -115:1:801 1 -18:0:96 96 <
ffff8e1e33926c00 1791629530 C Zi:1:009:1 0:1:802:0 1 0:0:0 96 = 00000000 00000000 00000000 00000000 00000000 00000000 00000000 00000000
ffff8e1e33926c00 1791629531 S Zi:1:009:1 -115:1:802 1 -18:0:96 96 <
ffff8e1da3310400 1791630531 C Zi:1:009:1 0:1:803:0 1 0:0:0 96 = 00000000 00000000 00000000 00000000 00000000 00000000 00000000 00000000
ffff8e1da3310400 1791630532 S Zi:1:009:1 -115:1:803 1 -18:0:96 96 <
ffff8e1e52a78f00 1791631530 C Zi:1:009:1 0:1:804:0 1 0:0:0 96 = 00000000 00000000 00000000 00000000 00000000 00000000 00000000 00000000
ffff8e1e52a78f00 1791631531 S Zi:1:009:1 -115:1:804 1 -18:0:96 96 <
ffff8e1de4290f00 1791632530 C Zi:1:009:1 0:1:805:0 1 0:0:0 96 = 00000000 00000000 00000000 00000000 00000000 00000000 00000000 00000000
ffff8e1de4290f00 1791632532 S Zi:1:009:1 -115:1:805 1 -18:0:96 96 <
ffff8e1de4709f00 1791633532 C Zi:1:009:1 0:1:806:0 1 0:0:0 96 = 00000000 00000000 00000000 00000000 00000000 00000000 00000000 00000000
ffff8e1de4709f00 1791633534 S Zi:1:009:1 -115:1:806 1 -18:0:96 96 <
ffff8e1da3310000 1791634531 C Zi:1:009:1 0:1:807:0 1 0:0:0 96 = 00000000 00000000 00000000 00000000 00000000 00000000 00000000 00000000
ffff8e1da3310000 1791634533 S Zi:1:009:1 -115:1:807 1 -18:0:96 96 <
ffff8e1e834d6800 1791635531 C Zi:1:009:1 0:1:808:0 1 0:0:0 96 = 00000000 00000000 00000000 00000000 00000000 00000000 00000000 00000000
ffff8e1e834d6800 1791635534 S Zi:1:009:1 -115:1:808 1 -18:0:96 96 <
ffff8e1e90868b00 1791636531 C Zi:1:009:1 0:1:809:0 1 0:0:0 96 = 00000000 00000000 00000000 00000000 00000000 00000000 00000000 00000000
ffff8e1e90868b00 1791636534 S Zi:1:009:1 -115:1:809 1 -18:0:96 96 <
ffff8e1e90868c00 1791637532 C Zi:1:009:1 0:1:810:0 1 0:0:0 96 = 00000000 00000000 00000000 00000000 00000000 00000000 00000000 00000000
ffff8e1e90868c00 1791637535 S Zi:1:009:1 -115:1:810 1 -18:0:96 96 <
ffff8e1d9c914d00 1791638532 C Zi:1:009:1 0:1:811:0 1 0:0:0 96 = 00000000 00000000 00000000 00000000 00000000 00000000 00000000 00000000
ffff8e1d9c914d00 1791638534 S Zi:1:009:1 -115:1:811 1 -18:0:96 96 <
ffff8e1eae7fc800 1791639532 C Zi:1:009:1 0:1:812:0 1 0:0:0 96 = 00000000 00000000 00000000 00000000 00000000 00000000 00000000 00000000
ffff8e1eae7fc800 1791639534 S Zi:1:009:1 -115:1:812 1 -18:0:96 96 <
ffff8e1d89d75300 1791640531 C Zi:1:009:1 0:1:813:0 1 0:0:0 96 = 00000000 00000000 00000000 00000000 00000000 00000000 00000000 00000000
ffff8e1d89d75300 1791640532 S Zi:1:009:1 -115:1:813 1 -18:0:96 96 <
ffff8e1e33926c00 1791641532 C Zi:1:009:1 0:1:814:0 1 0:0:0 96 = 00000000 00000000 00000000 00000000 00000000 00000000 00000000 00000000
ffff8e1e33926c00 1791641534 S Zi:1:009:1 -115:1:814 1 -18:0:96 96 <
ffff8e1da3310400 1791642531 C Zi:1:009:1 0:1:815:0 1 0:0:0 96 = 00000000 00000000 00000000 00000000 00000000 00000000 00000000 00000000
ffff8e1da3310400 1791642533 S Zi:1:009:1 -115:1:815 1 -18:0:96 96 <
ffff8e1e52a78f00 1791643531 C Zi:1:009:1 0:1:816:0 1 0:0:0 96 = 00000000 00000000 00000000 00000000 00000000 00000000 00000000 00000000
ffff8e1e52a78f00 1791643533 S Zi:1:009:1 -115:1:816 1 -18:0:96 96 <
ffff8e1de4290f00 1791644531 C Zi:1:009:1 0:1:817:0 1 0:0:0 96 = 00000000 00000000 00000000 00000000 00000000 00000000 00000000 00000000
ffff8e1de4290f00 1791644533 S Zi:1:009:1 -115:1:817 1 -18:0:96 96 <
ffff8e1de4709f00 1791645531 C Zi:1:009:1 0:1:818:0 1 0:0:0 96 = 00000000 00000000 00000000 00000000 00000000 00000000 00000000 00000000
ffff8e1de4709f00 1791645533 S Zi:1:009:1 -115:1:818 1 -18:0:96 96 <
ffff8e1da3310000 1791646531 C Zi:1:009:1 0:1:819:0 1 0:0:0 96 = 00000000 00000000 00000000 00000000 00000000 00000000 00000000 00000000
ffff8e1da3310000 1791646533 S Zi:1:009:1 -115:1:819 1 -18:0:96 96 <
ffff8e1e834d6800 1791647532 C Zi:1:009:1 0:1:820:0 1 0:0:0 96 = 00000000 00000000 00000000 00000000 00000000 00000000 00000000 00000000
ffff8e1e834d6800 1791647533 S Zi:1:009:1 -115:1:820 1 -18:0:96 96 <
ffff8e1e90868b00 1791648532 C Zi:1:009:1 0:1:821:0 1 0:0:0 96 = 00000000 00000000 00000000 00000000 00000000 00000000 00000000 00000000
ffff8e1e90868b00 1791648533 S Zi:1:009:1 -115:1:821 1 -18:0:96 96 <
ffff8e1e90868c00 1791649533 C Zi:1:009:1 0:1:822:0 1 0:0:0 96 = 00000000 00000000 00000000 00000000 00000000 00000000 00000000 00000000
ffff8e1e90868c00 1791649535 S Zi:1:009:1 -115:1:822 1 -18:0:96 96 <
ffff8e1d9c914d00 1791650532 C Zi:1:009:1 0:1:823:0 1 0:0:0 96 = 00000000 00000000 00000000 00000000 00000000 00000000 00000000 00000000
ffff8e1d9c914d00 1791650534 S Zi:1:009:1 -115:1:823 1 -18:0:96 96 <
ffff8e1eae7fc800 1791651533 C Zi:1:009:1 0:1:824:0 1 0:0:0 96 = 00000000 00000000 00000000 00000000 00000000 00000000 00000000 00000000
ffff8e1eae7fc800 1791651536 S Zi:1:009:1 -115:1:824 1 -18:0:96 96 <
ffff8e1d89d75300 1791652532 C Zi:1:009:1 0:1:825:0 1 0:0:0 96 = 00000000 00000000 00000000 00000000 00000000 00000000 00000000 00000000
ffff8e1d89d75300 1791652534 S Zi:1:009:1 -115:1:825 1 -18:0:96 96 <
ffff8e1e33926c00 1791653533 C Zi:1:009:1 0:1:826:0 1 0:0:0 96 = 00000000 00000000 00000000 00000000 00000000 00000000 00000000 00000000
ffff8e1e33926c00 1791653535 S Zi:1:009:1 -115:1:826 1 -18:0:96 96 <
ffff8e1da3310400 1791654533 C Zi:1:009:1 0:1:827:0 1 0:0:0 96 = 00000000 00000000 00000000 00000000 00000000 00000000 00000000 00000000
ffff8e1da3310400 1791654534 S Zi:1:009:1 -115:1:827 1 -18:0:96 96 <
ffff8e1e52a78f00 1791655532 C Zi:1:009:1 0:1:828:0 1 0:0:0 96 = 00000000 00000000 00000000 00000000 00000000 00000000 00000000 00000000
ffff8e1e52a78f00 1791655534 S Zi:1:009:1 -115:1:828 1 -18:0:96 96 <
ffff8e1de4290f00 1791656532 C Zi:1:009:1 0:1:829:0 1 0:0:0 96 = 00000000 00000000 00000000 00000000 00000000 00000000 00000000 00000000
ffff8e1de4290f00 1791656549 S Zi:1:009:1 -115:1:829 1 -18:0:96 96 <
ffff8e1de4709f00 1791657532 C Zi:1:009:1 0:1:830:0 1 0:0:0 96 = 00000000 00000000 00000000 00000000 00000000 00000000 00000000 00000000
ffff8e1de4709f00 1791657534 S Zi:1:009:1 -115:1:830 1 -18:0:96 96 <
ffff8e1da3310000 1791658533 C Zi:1:009:1 0:1:831:0 1 0:0:0 96 = 00000000 00000000 00000000 00000000 00000000 00000000 00000000 00000000
ffff8e1da3310000 1791658534 S Zi:1:009:1 -115:1:831 1 -18:0:96 96 <
ffff8e1e834d6800 1791659533 C Zi:1:009:1 0:1:832:0 1 0:0:0 96 = 00000000 00000000 00000000 00000000 00000000 00000000 00000000 00000000
ffff8e1e834d6800 1791659534 S Zi:1:009:1 -115:1:832 1 -18:0:96 96 <
ffff8e1e90868b00 1791660533 C Zi:1:009:1 0:1:833:0 1 0:0:0 96 = 00000000 00000000 00000000 00000000 00000000 00000000 00000000 00000000
ffff8e1e90868b00 1791660534 S Zi:1:009:1 -115:1:833 1 -18:0:96 96 <
ffff8e1e90868c00 1791661533 C Zi:1:009:1 0:1:834:0 1 0:0:0 96 = 00000000 00000000 00000000 00000000 00000000 00000000 00000000 00000000
ffff8e1e90868c00 1791661534 S Zi:1:009:1 -115:1:834 1 -18:0:96 96 <
ffff8e1d9c914d00 1791662533 C Zi:1:009:1 0:1:835:0 1 0:0:0 96 = 00000000 00000000 00000000 00000000 00000000 00000000 00000000 00000000
ffff8e1d9c914d00 1791662534 S Zi:1:009:1 -115:1:835 1 -18:0:96 96 <
ffff8e1eae7fc800 1791663533 C Zi:1:009:1 0:1:836:0 1 0:0:0 96 = 00000000 00000000 00000000 00000000 00000000 00000000 00000000 00000000
ffff8e1eae7fc800 1791663535 S Zi:1:009:1 -115:1:836 1 -18:0:96 96 <
ffff8e1d89d75300 1791664534 C Zi:1:009:1 0:1:837:0 1 0:0:0 96 = 00000000 00000000 00000000 00000000 00000000 00000000 00000000 00000000
ffff8e1d89d75300 1791664536 S Zi:1:009:1 -115:1:837 1 -18:0:96 96 <
ffff8e1e33926c00 1791665533 C Zi:1:009:1 0:1:838:0 1 0:0:0 96 = 00000000 00000000 00000000 00000000 00000000 00000000 00000000 00000000
ffff8e1e33926c00 1791665535 S Zi:1:009:1 -115:1:838 1 -18:0:96 96 <
ffff8e1da3310400 1791666535 C Zi:1:009:1 0:1:839:0 1 0:0:0 96 = 00000000 00000000 00000000 00000000 00000000 00000000 00000000 00000000
ffff8e1da3310400 1791666537 S Zi:1:009:1 -115:1:839 1 -18:0:96 96 <
ffff8e1e52a78f00 1791667535 C Zi:1:009:1 0:1:840:0 1 0:0:0 96 = 00000000 00000000 00000000 00000000 00000000 00000000 00000000 00000000
ffff8e1e52a78f00 1791667539 S Zi:1:009:1 -115:1:840 1 -18:0:96 96 <
ffff8e1de4290f00 1791668534 C Zi:1:009:1 0:1:841:0 1 0:0:0 96 = 00000000 00000000 00000000 00000000 00000000 00000000 00000000 00000000
ffff8e1de4290f00 1791668538 S Zi:1:009:1 -115:1:841 1 -18:0:96 96 <
ffff8e1de4709f00 1791669534 C Zi:1:009:1 0:1:842:0 1 0:0:0 96 = 00000000 00000000 00000000 00000000 00000000 00000000 00000000 00000000
ffff8e1de4709f00 1791669536 S Zi:1:009:1 -115:1:842 1 -18:0:96 96 <
ffff8e1da3310000 1791670534 C Zi:1:009:1 0:1:843:0 1 0:0:0 96 = 00000000 00000000 00000000 00000000 00000000 00000000 00000000 00000000
ffff8e1da3310000 1791670536 S Zi:1:009:1 -115:1:843 1 -18:0:96 96 <
ffff8e1e834d6800 1791671534 C Zi:1:009:1 0:1:844:0 1 0:0:0 96 = 00000000 00000000 00000000 00000000 00000000 00000000 00000000 00000000
ffff8e1e834d6800 1791671536 S Zi:1:009:1 -115:1:844 1 -18:0:96 96 <
ffff8e1e90868b00 1791672534 C Zi:1:009:1 0:1:845:0 1 0:0:0 96 = 00000000 00000000 00000000 00000000 00000000 00000000 00000000 00000000
ffff8e1e90868b00 1791672537 S Zi:1:009:1 -115:1:845 1 -18:0:96 96 <
ffff8e1e90868c00 1791673534 C Zi:1:009:1 0:1:846:0 1 0:0:0 96 = 00000000 00000000 00000000 00000000 00000000 00000000 00000000 00000000
ffff8e1e90868c00 1791673536 S Zi:1:009:1 -115:1:846 1 -18:0:96 96 <
ffff8e1d9c914d00 1791674534 C Zi:1:009:1 0:1:847:0 1 0:0:0 96 = 00000000 00000000 00000000 00000000 00000000 00000000 00000000 00000000
ffff8e1d9c914d00 1791674536 S Zi:1:009:1 -115:1:847 1 -18:0:96 96 <
ffff8e1eae7fc800 1791675534 C Zi:1:009:1 0:1:848:0 1 0:0:0 96 = 00000000 00000000 00000000 00000000 00000000 00000000 00000000 00000000
ffff8e1eae7fc800 1791675536 S Zi:1:009:1 -115:1:848 1 -18:0:96 96 <
ffff8e1d89d75300 1791676535 C Zi:1:009:1 0:1:849:0 1 0:0:0 96 = 00000000 00000000 00000000 00000000 00000000 00000000 00000000 00000000
ffff8e1d89d75300 1791676538 S Zi:1:009:1 -115:1:849 1 -18:0:96 96 <
ffff8e1e33926c00 1791677534 C Zi:1:009:1 0:1:850:0 1 0:0:0 96 = 00000000 00000000 00000000 00000000 00000000 00000000 00000000 00000000
ffff8e1e33926c00 1791677537 S Zi:1:009:1 -115:1:850 1 -18:0:96 96 <
ffff8e1da3310400 1791678534 C Zi:1:009:1 0:1:851:0 1 0:0:0 96 = 00000000 00000000 00000000 00000000 00000000 00000000 00000000 00000000
ffff8e1da3310400 1791678536 S Zi:1:009:1 -115:1:851 1 -18:0:96 96 <
ffff8e1e52a78f00 1791679534 C Zi:1:009:1 0:1:852:0 1 0:0:0 96 = 00000000 00000000 00000000 00000000 00000000 00000000 00000000 00000000
ffff8e1e52a78f00 1791679536 S Zi:1:009:1 -115:1:852 1 -18:0:96 96 <
ffff8e1de4290f00 1791680534 C Zi:1:009:1 0:1:853:0 1 0:0:0 96 = 00000000 00000000 00000000 00000000 00000000 00000000 00000000 00000000
ffff8e1de4290f00 1791680537 S Zi:1:009:1 -115:1:853 1 -18:0:96 96 <
ffff8e1de4709f00 1791681535 C Zi:1:009:1 0:1:854:0 1 0:0:0 96 = 00000000 00000000 00000000 00000000 00000000 00000000 00000000 00000000
ffff8e1de4709f00 1791681537 S Zi:1:009:1 -115:1:854 1 -18:0:96 96 <
ffff8e1da3310000 1791682535 C Zi:1:009:1 0:1:855:0 1 0:0:0 96 = 00000000 00000000 00000000 00000000 00000000 00000000 00000000 00000000
ffff8e1da3310000 1791682537 S Zi:1:009:1 -115:1:855 1 -18:0:96 96 <
ffff8e1e834d6800 1791683536 C Zi:1:009:1 0:1:856:0 1 0:0:0 96 = 00000000 00000000 00000000 00000000 00000000 00000000 00000000 00000000
ffff8e1e834d6800 1791683540 S Zi:1:009:1 -115:1:856 1 -18:0:96 96 <
ffff8e1e90868b00 1791684536 C Zi:1:009:1 0:1:857:0 1 0:0:0 96 = 00000000 00000000 00000000 00000000 00000000 00000000 00000000 00000000
ffff8e1e90868b00 1791684539 S Zi:1:009:1 -115:1:857 1 -18:0:96 96 <
ffff8e1e90868c00 1791685535 C Zi:1:009:1 0:1:858:0 1 0:0:0 96 = 00000000 00000000 00000000 00000000 00000000 00000000 00000000 00000000
ffff8e1e90868c00 1791685538 S Zi:1:009:1 -115:1:858 1 -18:0:96 96 <
ffff8e1d9c914d00 1791686535 C Zi:1:009:1 0:1:859:0 1 0:0:0 96 = 00000000 00000000 00000000 00000000 00000000 00000000 00000000 00000000
ffff8e1d9c914d00 1791686537 S Zi:1:009:1 -115:1:859 1 -18:0:96 96 <
ffff8e1eae7fc800 1791687538 C Zi:1:009:1 0:1:860:0 1 0:0:0 96 = 00000000 00000000 00000000 00000000 00000000 00000000 00000000 00000000
ffff8e1eae7fc800 1791687540 S Zi:1:009:1 -115:1:860 1 -18:0:96 96 <
ffff8e1d89d75300 1791688535 C Zi:1:009:1 0:1:861:0 1 0:0:0 96 = 00000000 00000000 00000000 00000000 00000000 00000000 00000000 00000000
ffff8e1d89d75300 1791688538 S Zi:1:009:1 -115:1:861 1 -18:0:96 96 <
ffff8e1e33926c00 1791689535 C Zi:1:009:1 0:1:862:0 1 0:0:0 96 = 00000000 00000000 00000000 00000000 00000000 00000000 00000000 00000000
ffff8e1e33926c00 1791689538 S Zi:1:009:1 -115:1:862 1 -18:0:96 96 <
ffff8e1da3310400 1791690535 C Zi:1:009:1 0:1:863:0 1 0:0:0 96 = 00000000 00000000 00000000 00000000 00000000 00000000 00000000 00000000
ffff8e1da3310400 1791690538 S Zi:1:009:1 -115:1:863 1 -18:0:96 96 <
ffff8e1e52a78f00 1791691535 C Zi:1:009:1 0:1:864:0 1 0:0:0 96 = 00000000 00000000 00000000 00000000 00000000 00000000 00000000 00000000
ffff8e1e52a78f00 1791691538 S Zi:1:009:1 -115:1:864 1 -18:0:96 96 <
ffff8e1de4290f00 1791692535 C Zi:1:009:1 0:1:865:0 1 0:0:0 96 = 00000000 00000000 00000000 00000000 00000000 00000000 00000000 00000000
ffff8e1de4290f00 1791692538 S Zi:1:009:1 -115:1:865 1 -18:0:96 96 <
ffff8e1de4709f00 1791693536 C Zi:1:009:1 0:1:866:0 1 0:0:0 96 = 00000000 00000000 00000000 00000000 00000000 00000000 00000000 00000000
ffff8e1de4709f00 1791693538 S Zi:1:009:1 -115:1:866 1 -18:0:96 96 <
ffff8e1da3310000 1791694536 C Zi:1:009:1 0:1:867:0 1 0:0:0 96 = 00000000 00000000 00000000 00000000 00000000 00000000 00000000 00000000
ffff8e1da3310000 1791694538 S Zi:1:009:1 -115:1:867 1 -18:0:96 96 <
ffff8e1e834d6800 1791695536 C Zi:1:009:1 0:1:868:0 1 0:0:0 96 = 00000000 00000000 00000000 00000000 00000000 00000000 00000000 00000000
ffff8e1e834d6800 1791695538 S Zi:1:009:1 -115:1:868 1 -18:0:96 96 <
ffff8e1e90868b00 1791696536 C Zi:1:009:1 0:1:869:0 1 0:0:0 96 = 00000000 00000000 00000000 00000000 00000000 00000000 00000000 00000000
ffff8e1e90868b00 1791696539 S Zi:1:009:1 -115:1:869 1 -18:0:96 96 <
ffff8e1e90868c00 1791697536 C Zi:1:009:1 0:1:870:0 1 0:0:0 96 = 00000000 00000000 00000000 00000000 00000000 00000000 00000000 00000000
ffff8e1e90868c00 1791697538 S Zi:1:009:1 -115:1:870 1 -18:0:96 96 <
ffff8e1d9c914d00 1791698536 C Zi:1:009:1 0:1:871:0 1 0:0:0 96 = 00000000 00000000 00000000 00000000 00000000 00000000 00000000 00000000
ffff8e1d9c914d00 1791698539 S Zi:1:009:1 -115:1:871 1 -18:0:96 96 <
ffff8e1eae7fc800 1791699538 C Zi:1:009:1 0:1:872:0 1 0:0:0 96 = 00000000 00000000 00000000 00000000 00000000 00000000 00000000 00000000
ffff8e1eae7fc800 1791699541 S Zi:1:009:1 -115:1:872 1 -18:0:96 96 <
ffff8e1d89d75300 1791700537 C Zi:1:009:1 0:1:873:0 1 0:0:0 96 = 00000000 00000000 00000000 00000000 00000000 00000000 00000000 00000000
ffff8e1d89d75300 1791700539 S Zi:1:009:1 -115:1:873 1 -18:0:96 96 <
ffff8e1e33926c00 1791701537 C Zi:1:009:1 0:1:874:0 1 0:0:0 96 = 00000000 00000000 00000000 00000000 00000000 00000000 00000000 00000000
ffff8e1e33926c00 1791701539 S Zi:1:009:1 -115:1:874 1 -18:0:96 96 <
ffff8e1da3310400 1791702536 C Zi:1:009:1 0:1:875:0 1 0:0:0 96 = 00000000 00000000 00000000 00000000 00000000 00000000 00000000 00000000
ffff8e1da3310400 1791702539 S Zi:1:009:1 -115:1:875 1 -18:0:96 96 <
ffff8e1e52a78f00 1791703537 C Zi:1:009:1 0:1:876:0 1 0:0:0 96 = 00000000 00000000 00000000 00000000 00000000 00000000 00000000 00000000
ffff8e1e52a78f00 1791703539 S Zi:1:009:1 -115:1:876 1 -18:0:96 96 <
ffff8e1de4290f00 1791704537 C Zi:1:009:1 0:1:877:0 1 0:0:0 96 = 00000000 00000000 00000000 00000000 00000000 00000000 00000000 00000000
ffff8e1de4290f00 1791704539 S Zi:1:009:1 -115:1:877 1 -18:0:96 96 <
ffff8e1de4709f00 1791705537 C Zi:1:009:1 0:1:878:0 1 0:0:0 96 = 00000000 00000000 00000000 00000000 00000000 00000000 00000000 00000000
ffff8e1de4709f00 1791705539 S Zi:1:009:1 -115:1:878 1 -18:0:96 96 <
ffff8e1da3310000 1791706537 C Zi:1:009:1 0:1:879:0 1 0:0:0 96 = 00000000 00000000 00000000 00000000 00000000 00000000 00000000 00000000
ffff8e1da3310000 1791706539 S Zi:1:009:1 -115:1:879 1 -18:0:96 96 <
ffff8e1e834d6800 1791707537 C Zi:1:009:1 0:1:880:0 1 0:0:0 96 = 00000000 00000000 00000000 00000000 00000000 00000000 00000000 00000000
ffff8e1e834d6800 1791707539 S Zi:1:009:1 -115:1:880 1 -18:0:96 96 <
ffff8e1e90868b00 1791708537 C Zi:1:009:1 0:1:881:0 1 0:0:0 96 = 00000000 00000000 00000000 00000000 00000000 00000000 00000000 00000000
ffff8e1e90868b00 1791708539 S Zi:1:009:1 -115:1:881 1 -18:0:96 96 <
ffff8e1e90868c00 1791709537 C Zi:1:009:1 0:1:882:0 1 0:0:0 96 = 00000000 00000000 00000000 00000000 00000000 00000000 00000000 00000000
ffff8e1e90868c00 1791709539 S Zi:1:009:1 -115:1:882 1 -18:0:96 96 <
ffff8e1d9c914d00 1791710538 C Zi:1:009:1 0:1:883:0 1 0:0:0 96 = 00000000 00000000 00000000 00000000 00000000 00000000 00000000 00000000
ffff8e1d9c914d00 1791710540 S Zi:1:009:1 -115:1:883 1 -18:0:96 96 <
ffff8e1eae7fc800 1791711537 C Zi:1:009:1 0:1:884:0 1 0:0:0 96 = 00000000 00000000 00000000 00000000 00000000 00000000 00000000 00000000
ffff8e1eae7fc800 1791711540 S Zi:1:009:1 -115:1:884 1 -18:0:96 96 <
ffff8e1d89d75300 1791712538 C Zi:1:009:1 0:1:885:0 1 0:0:0 96 = 00000000 00000000 00000000 00000000 00000000 00000000 00000000 00000000
ffff8e1d89d75300 1791712540 S Zi:1:009:1 -115:1:885 1 -18:0:96 96 <
ffff8e1e33926c00 1791713537 C Zi:1:009:1 0:1:886:0 1 0:0:0 96 = 00000000 00000000 00000000 00000000 00000000 00000000 00000000 00000000
ffff8e1e33926c00 1791713540 S Zi:1:009:1 -115:1:886 1 -18:0:96 96 <
ffff8e1da3310400 1791714538 C Zi:1:009:1 0:1:887:0 1 0:0:0 96 = 00000000 00000000 00000000 00000000 00000000 00000000 00000000 00000000
ffff8e1da3310400 1791714540 S Zi:1:009:1 -115:1:887 1 -18:0:96 96 <
ffff8e1e52a78f00 1791715538 C Zi:1:009:1 0:1:888:0 1 0:0:0 96 = 00000000 00000000 00000000 00000000 00000000 00000000 00000000 00000000
ffff8e1e52a78f00 1791715540 S Zi:1:009:1 -115:1:888 1 -18:0:96 96 <
ffff8e1de4290f00 1791716539 C Zi:1:009:1 0:1:889:0 1 0:0:0 96 = 00000000 00000000 00000000 00000000 00000000 00000000 00000000 00000000
ffff8e1de4290f00 1791716543 S Zi:1:009:1 -115:1:889 1 -18:0:96 96 <
ffff8e1de4709f00 1791717539 C Zi:1:009:1 0:1:890:0 1 0:0:0 96 = 00000000 00000000 00000000 00000000 00000000 00000000 00000000 00000000
ffff8e1de4709f00 1791717542 S Zi:1:009:1 -115:1:890 1 -18:0:96 96 <
ffff8e1da3310000 1791718538 C Zi:1:009:1 0:1:891:0 1 0:0:0 96 = 00000000 00000000 00000000 00000000 00000000 00000000 00000000 00000000
ffff8e1da3310000 1791718541 S Zi:1:009:1 -115:1:891 1 -18:0:96 96 <
ffff8e1e834d6800 1791719538 C Zi:1:009:1 0:1:892:0 1 0:0:0 96 = 00000000 00000000 00000000 00000000 00000000 00000000 00000000 00000000
ffff8e1e834d6800 1791719540 S Zi:1:009:1 -115:1:892 1 -18:0:96 96 <
ffff8e1e90868b00 1791720538 C Zi:1:009:1 0:1:893:0 1 0:0:0 96 = 00000000 00000000 00000000 00000000 00000000 00000000 00000000 00000000
ffff8e1e90868b00 1791720541 S Zi:1:009:1 -115:1:893 1 -18:0:96 96 <
ffff8e1e90868c00 1791721538 C Zi:1:009:1 0:1:894:0 1 0:0:0 96 = 00000000 00000000 00000000 00000000 00000000 00000000 00000000 00000000
ffff8e1e90868c00 1791721541 S Zi:1:009:1 -115:1:894 1 -18:0:96 96 <
ffff8e1d9c914d00 1791722538 C Zi:1:009:1 0:1:895:0 1 0:0:0 96 = 00000000 00000000 00000000 00000000 00000000 00000000 00000000 00000000
ffff8e1d9c914d00 1791722541 S Zi:1:009:1 -115:1:895 1 -18:0:96 96 <
ffff8e1eae7fc800 1791723538 C Zi:1:009:1 0:1:896:0 1 0:0:0 96 = 00000000 00000000 00000000 00000000 00000000 00000000 00000000 00000000
ffff8e1eae7fc800 1791723541 S Zi:1:009:1 -115:1:896 1 -18:0:96 96 <
ffff8e1d89d75300 1791724538 C Zi:1:009:1 0:1:897:0 1 0:0:0 96 = 00000000 00000000 00000000 00000000 00000000 00000000 00000000 00000000
ffff8e1d89d75300 1791724541 S Zi:1:009:1 -115:1:897 1 -18:0:96 96 <
ffff8e1e33926c00 1791725538 C Zi:1:009:1 0:1:898:0 1 0:0:0 96 = 00000000 00000000 00000000 00000000 00000000 00000000 00000000 00000000
ffff8e1e33926c00 1791725541 S Zi:1:009:1 -115:1:898 1 -18:0:96 96 <
ffff8e1da3310400 1791726539 C Zi:1:009:1 0:1:899:0 1 0:0:0 96 = 00000000 00000000 00000000 00000000 00000000 00000000 00000000 00000000
ffff8e1da3310400 1791726541 S Zi:1:009:1 -115:1:899 1 -18:0:96 96 <
ffff8e1e52a78f00 1791727539 C Zi:1:009:1 0:1:900:0 1 0:0:0 96 = 00000000 00000000 00000000 00000000 00000000 00000000 00000000 00000000
ffff8e1e52a78f00 1791727541 S Zi:1:009:1 -115:1:900 1 -18:0:96 96 <
ffff8e1de4290f00 1791728539 C Zi:1:009:1 0:1:901:0 1 0:0:0 96 = 00000000 00000000 00000000 00000000 00000000 00000000 00000000 00000000
ffff8e1de4290f00 1791728541 S Zi:1:009:1 -115:1:901 1 -18:0:96 96 <
ffff8e1de4709f00 1791729539 C Zi:1:009:1 0:1:902:0 1 0:0:0 96 = 00000000 00000000 00000000 00000000 00000000 00000000 00000000 00000000
ffff8e1de4709f00 1791729541 S Zi:1:009:1 -115:1:902 1 -18:0:96 96 <
ffff8e1da3310000 1791730540 C Zi:1:009:1 0:1:903:0 1 0:0:0 96 = 00000000 00000000 00000000 00000000 00000000 00000000 00000000 00000000
ffff8e1da3310000 1791730542 S Zi:1:009:1 -115:1:903 1 -18:0:96 96 <
ffff8e1e834d6800 1791731539 C Zi:1:009:1 0:1:904:0 1 0:0:0 96 = 00000000 00000000 00000000 00000000 00000000 00000000 00000000 00000000
ffff8e1e834d6800 1791731542 S Zi:1:009:1 -115:1:904 1 -18:0:96 96 <
ffff8e1e90868b00 1791732539 C Zi:1:009:1 0:1:905:0 1 0:0:0 96 = 00000000 00000000 00000000 00000000 00000000 00000000 00000000 00000000
ffff8e1e90868b00 1791732541 S Zi:1:009:1 -115:1:905 1 -18:0:96 96 <
ffff8e1e90868c00 1791733540 C Zi:1:009:1 0:1:906:0 1 0:0:0 96 = 00000000 00000000 00000000 00000000 00000000 00000000 00000000 00000000
ffff8e1e90868c00 1791733544 S Zi:1:009:1 -115:1:906 1 -18:0:96 96 <
ffff8e1d9c914d00 1791734540 C Zi:1:009:1 0:1:907:0 1 0:0:0 96 = 00000000 00000000 00000000 00000000 00000000 00000000 00000000 00000000
ffff8e1d9c914d00 1791734543 S Zi:1:009:1 -115:1:907 1 -18:0:96 96 <
ffff8e1eae7fc800 1791735539 C Zi:1:009:1 0:1:908:0 1 0:0:0 96 = 00000000 00000000 00000000 00000000 00000000 00000000 00000000 00000000
ffff8e1eae7fc800 1791735542 S Zi:1:009:1 -115:1:908 1 -18:0:96 96 <
ffff8e1d89d75300 1791736540 C Zi:1:009:1 0:1:909:0 1 0:0:0 96 = 00000000 00000000 00000000 00000000 00000000 00000000 00000000 00000000
ffff8e1d89d75300 1791736542 S Zi:1:009:1 -115:1:909 1 -18:0:96 96 <
ffff8e1e33926c00 1791737540 C Zi:1:009:1 0:1:910:0 1 0:0:0 96 = 00000000 00000000 00000000 00000000 00000000 00000000 00000000 00000000
ffff8e1e33926c00 1791737542 S Zi:1:009:1 -115:1:910 1 -18:0:96 96 <
ffff8e1da3310400 1791738540 C Zi:1:009:1 0:1:911:0 1 0:0:0 96 = 00000000 00000000 00000000 00000000 00000000 00000000 00000000 00000000
ffff8e1da3310400 1791738542 S Zi:1:009:1 -115:1:911 1 -18:0:96 96 <
ffff8e1e52a78f00 1791739541 C Zi:1:009:1 0:1:912:0 1 0:0:0 96 = 00000000 00000000 00000000 00000000 00000000 00000000 00000000 00000000
ffff8e1e52a78f00 1791739545 S Zi:1:009:1 -115:1:912 1 -18:0:96 96 <
ffff8e1de4290f00 1791740541 C Zi:1:009:1 0:1:913:0 1 0:0:0 96 = 00000000 00000000 00000000 00000000 00000000 00000000 00000000 00000000
ffff8e1de4290f00 1791740544 S Zi:1:009:1 -115:1:913 1 -18:0:96 96 <
ffff8e1de4709f00 1791741541 C Zi:1:009:1 0:1:914:0 1 0:0:0 96 = 00000000 00000000 00000000 00000000 00000000 00000000 00000000 00000000
ffff8e1de4709f00 1791741545 S Zi:1:009:1 -115:1:914 1 -18:0:96 96 <
ffff8e1da3310000 1791742540 C Zi:1:009:1 0:1:915:0 1 0:0:0 96 = 00000000 00000000 00000000 00000000 00000000 00000000 00000000 00000000
ffff8e1da3310000 1791742543 S Zi:1:009:1 -115:1:915 1 -18:0:96 96 <
ffff8e1e834d6800 1791743540 C Zi:1:009:1 0:1:916:0 1 0:0:0 96 = 00000000 00000000 00000000 00000000 00000000 00000000 00000000 00000000
ffff8e1e834d6800 1791743543 S Zi:1:009:1 -115:1:916 1 -18:0:96 96 <
ffff8e1e90868b00 1791744540 C Zi:1:009:1 0:1:917:0 1 0:0:0 96 = 00000000 00000000 00000000 00000000 00000000 00000000 00000000 00000000
ffff8e1e90868b00 1791744542 S Zi:1:009:1 -115:1:917 1 -18:0:96 96 <
ffff8e1e90868c00 1791745540 C Zi:1:009:1 0:1:918:0 1 0:0:0 96 = 00000000 00000000 00000000 00000000 00000000 00000000 00000000 00000000
ffff8e1e90868c00 1791745543 S Zi:1:009:1 -115:1:918 1 -18:0:96 96 <
ffff8e1d9c914d00 1791746540 C Zi:1:009:1 0:1:919:0 1 0:0:0 96 = 00000000 00000000 00000000 00000000 00000000 00000000 00000000 00000000
ffff8e1d9c914d00 1791746543 S Zi:1:009:1 -115:1:919 1 -18:0:96 96 <
ffff8e1eae7fc800 1791747541 C Zi:1:009:1 0:1:920:0 1 0:0:0 96 = 00000000 00000000 00000000 00000000 00000000 00000000 00000000 00000000
ffff8e1eae7fc800 1791747545 S Zi:1:009:1 -115:1:920 1 -18:0:96 96 <
ffff8e1d89d75300 1791748541 C Zi:1:009:1 0:1:921:0 1 0:0:0 96 = 00000000 00000000 00000000 00000000 00000000 00000000 00000000 00000000
ffff8e1d89d75300 1791748543 S Zi:1:009:1 -115:1:921 1 -18:0:96 96 <
ffff8e1e33926c00 1791749542 C Zi:1:009:1 0:1:922:0 1 0:0:0 96 = 00000000 00000000 00000000 00000000 00000000 00000000 00000000 00000000
ffff8e1e33926c00 1791749546 S Zi:1:009:1 -115:1:922 1 -18:0:96 96 <
ffff8e1da3310400 1791750542 C Zi:1:009:1 0:1:923:0 1 0:0:0 96 = 00000000 00000000 00000000 00000000 00000000 00000000 00000000 00000000
ffff8e1da3310400 1791750546 S Zi:1:009:1 -115:1:923 1 -18:0:96 96 <
ffff8e1e52a78f00 1791751542 C Zi:1:009:1 0:1:924:0 1 0:0:0 96 = 00000000 00000000 00000000 00000000 00000000 00000000 00000000 00000000
ffff8e1e52a78f00 1791751545 S Zi:1:009:1 -115:1:924 1 -18:0:96 96 <
ffff8e1de4290f00 1791752541 C Zi:1:009:1 0:1:925:0 1 0:0:0 96 = 00000000 00000000 00000000 00000000 00000000 00000000 00000000 00000000
ffff8e1de4290f00 1791752543 S Zi:1:009:1 -115:1:925 1 -18:0:96 96 <
ffff8e1de4709f00 1791753541 C Zi:1:009:1 0:1:926:0 1 0:0:0 96 = 00000000 00000000 00000000 00000000 00000000 00000000 00000000 00000000
ffff8e1de4709f00 1791753544 S Zi:1:009:1 -115:1:926 1 -18:0:96 96 <
ffff8e1da3310000 1791754541 C Zi:1:009:1 0:1:927:0 1 0:0:0 96 = 00000000 00000000 00000000 00000000 00000000 00000000 00000000 00000000
ffff8e1da3310000 1791754543 S Zi:1:009:1 -115:1:927 1 -18:0:96 96 <
ffff8e1e834d6800 1791755542 C Zi:1:009:1 0:1:928:0 1 0:0:0 96 = 00000000 00000000 00000000 00000000 00000000 00000000 00000000 00000000
ffff8e1e834d6800 1791755544 S Zi:1:009:1 -115:1:928 1 -18:0:96 96 <
ffff8e1e90868b00 1791756568 C Zi:1:009:1 0:1:929:0 1 0:0:0 96 = 00000000 00000000 00000000 00000000 00000000 00000000 00000000 00000000
ffff8e1e90868b00 1791756571 S Zi:1:009:1 -115:1:929 1 -18:0:96 96 <
ffff8e1e90868c00 1791757541 C Zi:1:009:1 0:1:930:0 1 0:0:0 96 = 00000000 00000000 00000000 00000000 00000000 00000000 00000000 00000000
ffff8e1e90868c00 1791757543 S Zi:1:009:1 -115:1:930 1 -18:0:96 96 <
ffff8e1d9c914d00 1791758542 C Zi:1:009:1 0:1:931:0 1 0:0:0 96 = 00000000 00000000 00000000 00000000 00000000 00000000 00000000 00000000
ffff8e1d9c914d00 1791758545 S Zi:1:009:1 -115:1:931 1 -18:0:96 96 <
ffff8e1eae7fc800 1791759543 C Zi:1:009:1 0:1:932:0 1 0:0:0 96 = 00000000 00000000 00000000 00000000 00000000 00000000 00000000 00000000
ffff8e1eae7fc800 1791759547 S Zi:1:009:1 -115:1:932 1 -18:0:96 96 <
ffff8e1d89d75300 1791760542 C Zi:1:009:1 0:1:933:0 1 0:0:0 96 = 00000000 00000000 00000000 00000000 00000000 00000000 00000000 00000000
ffff8e1d89d75300 1791760544 S Zi:1:009:1 -115:1:933 1 -18:0:96 96 <
ffff8e1e33926c00 1791761542 C Zi:1:009:1 0:1:934:0 1 0:0:0 96 = 00000000 00000000 00000000 00000000 00000000 00000000 00000000 00000000
ffff8e1e33926c00 1791761543 S Zi:1:009:1 -115:1:934 1 -18:0:96 96 <
ffff8e1da3310400 1791762542 C Zi:1:009:1 0:1:935:0 1 0:0:0 96 = 00000000 00000000 00000000 00000000 00000000 00000000 00000000 00000000
ffff8e1da3310400 1791762544 S Zi:1:009:1 -115:1:935 1 -18:0:96 96 <
ffff8e1e52a78f00 1791763542 C Zi:1:009:1 0:1:936:0 1 0:0:0 96 = 00000000 00000000 00000000 00000000 00000000 00000000 00000000 00000000
ffff8e1e52a78f00 1791763544 S Zi:1:009:1 -115:1:936 1 -18:0:96 96 <
ffff8e1de4290f00 1791764542 C Zi:1:009:1 0:1:937:0 1 0:0:0 96 = 00000000 00000000 00000000 00000000 00000000 00000000 00000000 00000000
ffff8e1de4290f00 1791764544 S Zi:1:009:1 -115:1:937 1 -18:0:96 96 <
ffff8e1de4709f00 1791765542 C Zi:1:009:1 0:1:938:0 1 0:0:0 96 = 00000000 00000000 00000000 00000000 00000000 00000000 00000000 00000000
ffff8e1de4709f00 1791765544 S Zi:1:009:1 -115:1:938 1 -18:0:96 96 <
ffff8e1da3310000 1791766544 C Zi:1:009:1 0:1:939:0 1 0:0:0 96 = 00000000 00000000 00000000 00000000 00000000 00000000 00000000 00000000
ffff8e1da3310000 1791766546 S Zi:1:009:1 -115:1:939 1 -18:0:96 96 <
ffff8e1e834d6800 1791767543 C Zi:1:009:1 0:1:940:0 1 0:0:0 96 = 00000000 00000000 00000000 00000000 00000000 00000000 00000000 00000000
ffff8e1e834d6800 1791767545 S Zi:1:009:1 -115:1:940 1 -18:0:96 96 <
ffff8e1e90868b00 1791768543 C Zi:1:009:1 0:1:941:0 1 0:0:0 96 = 00000000 00000000 00000000 00000000 00000000 00000000 00000000 00000000
ffff8e1e90868b00 1791768544 S Zi:1:009:1 -115:1:941 1 -18:0:96 96 <
ffff8e1e90868c00 1791769543 C Zi:1:009:1 0:1:942:0 1 0:0:0 96 = 00000000 00000000 00000000 00000000 00000000 00000000 00000000 00000000
ffff8e1e90868c00 1791769544 S Zi:1:009:1 -115:1:942 1 -18:0:96 96 <
ffff8e1d9c914d00 1791770543 C Zi:1:009:1 0:1:943:0 1 0:0:0 96 = 00000000 00000000 00000000 00000000 00000000 00000000 00000000 00000000
ffff8e1d9c914d00 1791770544 S Zi:1:009:1 -115:1:943 1 -18:0:96 96 <
ffff8e1eae7fc800 1791771543 C Zi:1:009:1 0:1:944:0 1 0:0:0 96 = 00000000 00000000 00000000 00000000 00000000 00000000 00000000 00000000
ffff8e1eae7fc800 1791771544 S Zi:1:009:1 -115:1:944 1 -18:0:96 96 <
ffff8e1d89d75300 1791772543 C Zi:1:009:1 0:1:945:0 1 0:0:0 96 = 00000000 00000000 00000000 00000000 00000000 00000000 00000000 00000000
ffff8e1d89d75300 1791772545 S Zi:1:009:1 -115:1:945 1 -18:0:96 96 <
ffff8e1e33926c00 1791773543 C Zi:1:009:1 0:1:946:0 1 0:0:0 96 = 00000000 00000000 00000000 00000000 00000000 00000000 00000000 00000000
ffff8e1e33926c00 1791773545 S Zi:1:009:1 -115:1:946 1 -18:0:96 96 <
ffff8e1da3310400 1791774543 C Zi:1:009:1 0:1:947:0 1 0:0:0 96 = 00000000 00000000 00000000 00000000 00000000 00000000 00000000 00000000
ffff8e1da3310400 1791774544 S Zi:1:009:1 -115:1:947 1 -18:0:96 96 <
ffff8e1e52a78f00 1791775543 C Zi:1:009:1 0:1:948:0 1 0:0:0 96 = 00000000 00000000 00000000 00000000 00000000 00000000 00000000 00000000
ffff8e1e52a78f00 1791775544 S Zi:1:009:1 -115:1:948 1 -18:0:96 96 <
ffff8e1de4290f00 1791776543 C Zi:1:009:1 0:1:949:0 1 0:0:0 96 = 00000000 00000000 00000000 00000000 00000000 00000000 00000000 00000000
ffff8e1de4290f00 1791776545 S Zi:1:009:1 -115:1:949 1 -18:0:96 96 <
ffff8e1de4709f00 1791777543 C Zi:1:009:1 0:1:950:0 1 0:0:0 96 = 00000000 00000000 00000000 00000000 00000000 00000000 00000000 00000000
ffff8e1de4709f00 1791777545 S Zi:1:009:1 -115:1:950 1 -18:0:96 96 <
ffff8e1da3310000 1791778543 C Zi:1:009:1 0:1:951:0 1 0:0:0 96 = 00000000 00000000 00000000 00000000 00000000 00000000 00000000 00000000
ffff8e1da3310000 1791778545 S Zi:1:009:1 -115:1:951 1 -18:0:96 96 <
ffff8e1e834d6800 1791779543 C Zi:1:009:1 0:1:952:0 1 0:0:0 96 = 00000000 00000000 00000000 00000000 00000000 00000000 00000000 00000000
ffff8e1e834d6800 1791779545 S Zi:1:009:1 -115:1:952 1 -18:0:96 96 <
ffff8e1e90868b00 1791780543 C Zi:1:009:1 0:1:953:0 1 0:0:0 96 = 00000000 00000000 00000000 00000000 00000000 00000000 00000000 00000000
ffff8e1e90868b00 1791780545 S Zi:1:009:1 -115:1:953 1 -18:0:96 96 <
ffff8e1e90868c00 1791781546 C Zi:1:009:1 0:1:954:0 1 0:0:0 96 = 00000000 00000000 00000000 00000000 00000000 00000000 00000000 00000000
ffff8e1e90868c00 1791781549 S Zi:1:009:1 -115:1:954 1 -18:0:96 96 <
ffff8e1d9c914d00 1791782544 C Zi:1:009:1 0:1:955:0 1 0:0:0 96 = 00000000 00000000 00000000 00000000 00000000 00000000 00000000 00000000
ffff8e1d9c914d00 1791782545 S Zi:1:009:1 -115:1:955 1 -18:0:96 96 <
ffff8e1eae7fc800 1791783544 C Zi:1:009:1 0:1:956:0 1 0:0:0 96 = 00000000 00000000 00000000 00000000 00000000 00000000 00000000 00000000
ffff8e1eae7fc800 1791783548 S Zi:1:009:1 -115:1:956 1 -18:0:96 96 <
ffff8e1d89d75300 1791784545 C Zi:1:009:1 0:1:957:0 1 0:0:0 96 = 00000000 00000000 00000000 00000000 00000000 00000000 00000000 00000000
ffff8e1d89d75300 1791784548 S Zi:1:009:1 -115:1:957 1 -18:0:96 96 <
ffff8e1e33926c00 1791785544 C Zi:1:009:1 0:1:958:0 1 0:0:0 96 = 00000000 00000000 00000000 00000000 00000000 00000000 00000000 00000000
ffff8e1e33926c00 1791785547 S Zi:1:009:1 -115:1:958 1 -18:0:96 96 <
ffff8e1da3310400 1791786544 C Zi:1:009:1 0:1:959:0 1 0:0:0 96 = 00000000 00000000 00000000 00000000 00000000 00000000 00000000 00000000
ffff8e1da3310400 1791786547 S Zi:1:009:1 -115:1:959 1 -18:0:96 96 <
ffff8e1e52a78f00 1791787546 C Zi:1:009:1 0:1:960:0 1 0:0:0 96 = 00000000 00000000 00000000 00000000 00000000 00000000 00000000 00000000
ffff8e1e52a78f00 1791787549 S Zi:1:009:1 -115:1:960 1 -18:0:96 96 <
ffff8e1de4290f00 1791788594 C Zi:1:009:1 0:1:961:0 1 0:0:0 96 = 00000000 00000000 00000000 00000000 00000000 00000000 00000000 00000000
ffff8e1de4290f00 1791788596 S Zi:1:009:1 -115:1:961 1 -18:0:96 96 <
ffff8e1de4709f00 1791789545 C Zi:1:009:1 0:1:962:0 1 0:0:0 96 = 00000000 00000000 00000000 00000000 00000000 00000000 00000000 00000000
ffff8e1de4709f00 1791789547 S Zi:1:009:1 -115:1:962 1 -18:0:96 96 <
ffff8e1da3310000 1791790544 C Zi:1:009:1 0:1:963:0 1 0:0:0 96 = 00000000 00000000 00000000 00000000 00000000 00000000 00000000 00000000
ffff8e1da3310000 1791790546 S Zi:1:009:1 -115:1:963 1 -18:0:96 96 <
ffff8e1e834d6800 1791791544 C Zi:1:009:1 0:1:964:0 1 0:0:0 96 = 00000000 00000000 00000000 00000000 00000000 00000000 00000000 00000000
ffff8e1e834d6800 1791791546 S Zi:1:009:1 -115:1:964 1 -18:0:96 96 <
ffff8e1e90868b00 1791792545 C Zi:1:009:1 0:1:965:0 1 0:0:0 96 = 00000000 00000000 00000000 00000000 00000000 00000000 00000000 00000000
ffff8e1e90868b00 1791792547 S Zi:1:009:1 -115:1:965 1 -18:0:96 96 <
ffff8e1e90868c00 1791793546 C Zi:1:009:1 0:1:966:0 1 0:0:0 96 = 00000000 00000000 00000000 00000000 00000000 00000000 00000000 00000000
ffff8e1e90868c00 1791793548 S Zi:1:009:1 -115:1:966 1 -18:0:96 96 <
ffff8e1d9c914d00 1791794545 C Zi:1:009:1 0:1:967:0 1 0:0:0 96 = 00000000 00000000 00000000 00000000 00000000 00000000 00000000 00000000
ffff8e1d9c914d00 1791794546 S Zi:1:009:1 -115:1:967 1 -18:0:96 96 <
ffff8e1eae7fc800 1791795545 C Zi:1:009:1 0:1:968:0 1 0:0:0 96 = 00000000 00000000 00000000 00000000 00000000 00000000 00000000 00000000
ffff8e1eae7fc800 1791795546 S Zi:1:009:1 -115:1:968 1 -18:0:96 96 <
ffff8e1d89d75300 1791796546 C Zi:1:009:1 0:1:969:0 1 0:0:0 96 = 00000000 00000000 00000000 00000000 00000000 00000000 00000000 00000000
ffff8e1d89d75300 1791796547 S Zi:1:009:1 -115:1:969 1 -18:0:96 96 <
ffff8e1e33926c00 1791797545 C Zi:1:009:1 0:1:970:0 1 0:0:0 96 = 00000000 00000000 00000000 00000000 00000000 00000000 00000000 00000000
ffff8e1e33926c00 1791797547 S Zi:1:009:1 -115:1:970 1 -18:0:96 96 <
ffff8e1da3310400 1791798545 C Zi:1:009:1 0:1:971:0 1 0:0:0 96 = 00000000 00000000 00000000 00000000 00000000 00000000 00000000 00000000
ffff8e1da3310400 1791798547 S Zi:1:009:1 -115:1:971 1 -18:0:96 96 <
ffff8e1e52a78f00 1791799547 C Zi:1:009:1 0:1:972:0 1 0:0:0 96 = 00000000 00000000 00000000 00000000 00000000 00000000 00000000 00000000
ffff8e1e52a78f00 1791799549 S Zi:1:009:1 -115:1:972 1 -18:0:96 96 <
ffff8e1de4290f00 1791800545 C Zi:1:009:1 0:1:973:0 1 0:0:0 96 = 00000000 00000000 00000000 00000000 00000000 00000000 00000000 00000000
ffff8e1de4290f00 1791800547 S Zi:1:009:1 -115:1:973 1 -18:0:96 96 <
ffff8e1de4709f00 1791801547 C Zi:1:009:1 0:1:974:0 1 0:0:0 96 = 00000000 00000000 00000000 00000000 00000000 00000000 00000000 00000000
ffff8e1de4709f00 1791801549 S Zi:1:009:1 -115:1:974 1 -18:0:96 96 <
ffff8e1da3310000 1791802545 C Zi:1:009:1 0:1:975:0 1 0:0:0 96 = 00000000 00000000 00000000 00000000 00000000 00000000 00000000 00000000
ffff8e1da3310000 1791802547 S Zi:1:009:1 -115:1:975 1 -18:0:96 96 <
ffff8e1e834d6800 1791803546 C Zi:1:009:1 0:1:976:0 1 0:0:0 96 = 00000000 00000000 00000000 00000000 00000000 00000000 00000000 00000000
ffff8e1e834d6800 1791803547 S Zi:1:009:1 -115:1:976 1 -18:0:96 96 <
ffff8e1e90868b00 1791804546 C Zi:1:009:1 0:1:977:0 1 0:0:0 96 = 00000000 00000000 00000000 00000000 00000000 00000000 00000000 00000000
ffff8e1e90868b00 1791804547 S Zi:1:009:1 -115:1:977 1 -18:0:96 96 <
ffff8e1e90868c00 1791805546 C Zi:1:009:1 0:1:978:0 1 0:0:0 96 = 00000000 00000000 00000000 00000000 00000000 00000000 00000000 00000000
ffff8e1e90868c00 1791805548 S Zi:1:009:1 -115:1:978 1 -18:0:96 96 <
ffff8e1d9c914d00 1791806546 C Zi:1:009:1 0:1:979:0 1 0:0:0 96 = 00000000 00000000 00000000 00000000 00000000 00000000 00000000 00000000
ffff8e1d9c914d00 1791806548 S Zi:1:009:1 -115:1:979 1 -18:0:96 96 <
ffff8e1eae7fc800 1791807546 C Zi:1:009:1 0:1:980:0 1 0:0:0 96 = 00000000 00000000 00000000 00000000 00000000 00000000 00000000 00000000
ffff8e1eae7fc800 1791807547 S Zi:1:009:1 -115:1:980 1 -18:0:96 96 <
ffff8e1d89d75300 1791808546 C Zi:1:009:1 0:1:981:0 1 0:0:0 96 = 00000000 00000000 00000000 00000000 00000000 00000000 00000000 00000000
ffff8e1d89d75300 1791808548 S Zi:1:009:1 -115:1:981 1 -18:0:96 96 <
ffff8e1e33926c00 1791809547 C Zi:1:009:1 0:1:982:0 1 0:0:0 96 = 00000000 00000000 00000000 00000000 00000000 00000000 00000000 00000000
ffff8e1e33926c00 1791809548 S Zi:1:009:1 -115:1:982 1 -18:0:96 96 <
ffff8e1da3310400 1791810547 C Zi:1:009:1 0:1:983:0 1 0:0:0 96 = 00000000 00000000 00000000 00000000 00000000 00000000 00000000 00000000
ffff8e1da3310400 1791810549 S Zi:1:009:1 -115:1:983 1 -18:0:96 96 <
ffff8e1e52a78f00 1791811546 C Zi:1:009:1 0:1:984:0 1 0:0:0 96 = 00000000 00000000 00000000 00000000 00000000 00000000 00000000 00000000
ffff8e1e52a78f00 1791811548 S Zi:1:009:1 -115:1:984 1 -18:0:96 96 <
ffff8e1de4290f00 1791812546 C Zi:1:009:1 0:1:985:0 1 0:0:0 96 = 00000000 00000000 00000000 00000000 00000000 00000000 00000000 00000000
ffff8e1de4290f00 1791812548 S Zi:1:009:1 -115:1:985 1 -18:0:96 96 <
ffff8e1de4709f00 1791813546 C Zi:1:009:1 0:1:986:0 1 0:0:0 96 = 00000000 00000000 00000000 00000000 00000000 00000000 00000000 00000000
ffff8e1de4709f00 1791813548 S Zi:1:009:1 -115:1:986 1 -18:0:96 96 <
ffff8e1da3310000 1791814547 C Zi:1:009:1 0:1:987:0 1 0:0:0 96 = 00000000 00000000 00000000 00000000 00000000 00000000 00000000 00000000
ffff8e1da3310000 1791814549 S Zi:1:009:1 -115:1:987 1 -18:0:96 96 <
ffff8e1e834d6800 1791815547 C Zi:1:009:1 0:1:988:0 1 0:0:0 96 = 00000000 00000000 00000000 00000000 00000000 00000000 00000000 00000000
ffff8e1e834d6800 1791815548 S Zi:1:009:1 -115:1:988 1 -18:0:96 96 <
ffff8e1e90868b00 1791816548 C Zi:1:009:1 0:1:989:0 1 0:0:0 96 = 00000000 00000000 00000000 00000000 00000000 00000000 00000000 00000000
ffff8e1e90868b00 1791816551 S Zi:1:009:1 -115:1:989 1 -18:0:96 96 <
ffff8e1e90868c00 1791817548 C Zi:1:009:1 0:1:990:0 1 0:0:0 96 = 00000000 00000000 00000000 00000000 00000000 00000000 00000000 00000000
ffff8e1e90868c00 1791817550 S Zi:1:009:1 -115:1:990 1 -18:0:96 96 <
ffff8e1d9c914d00 1791818548 C Zi:1:009:1 0:1:991:0 1 0:0:0 96 = 00000000 00000000 00000000 00000000 00000000 00000000 00000000 00000000
ffff8e1d9c914d00 1791818552 S Zi:1:009:1 -115:1:991 1 -18:0:96 96 <
ffff8e1eae7fc800 1791819547 C Zi:1:009:1 0:1:992:0 1 0:0:0 96 = 00000000 00000000 00000000 00000000 00000000 00000000 00000000 00000000
ffff8e1eae7fc800 1791819550 S Zi:1:009:1 -115:1:992 1 -18:0:96 96 <
ffff8e1d89d75300 1791820547 C Zi:1:009:1 0:1:993:0 1 0:0:0 96 = 00000000 00000000 00000000 00000000 00000000 00000000 00000000 00000000
ffff8e1d89d75300 1791820550 S Zi:1:009:1 -115:1:993 1 -18:0:96 96 <
ffff8e1e33926c00 1791821547 C Zi:1:009:1 0:1:994:0 1 0:0:0 96 = 00000000 00000000 00000000 00000000 00000000 00000000 00000000 00000000
ffff8e1e33926c00 1791821550 S Zi:1:009:1 -115:1:994 1 -18:0:96 96 <
ffff8e1da3310400 1791822548 C Zi:1:009:1 0:1:995:0 1 0:0:0 96 = 00000000 00000000 00000000 00000000 00000000 00000000 00000000 00000000
ffff8e1da3310400 1791822550 S Zi:1:009:1 -115:1:995 1 -18:0:96 96 <
ffff8e1e52a78f00 1791823548 C Zi:1:009:1 0:1:996:0 1 0:0:0 96 = 00000000 00000000 00000000 00000000 00000000 00000000 00000000 00000000
ffff8e1e52a78f00 1791823551 S Zi:1:009:1 -115:1:996 1 -18:0:96 96 <
ffff8e1de4290f00 1791824547 C Zi:1:009:1 0:1:997:0 1 0:0:0 96 = 00000000 00000000 00000000 00000000 00000000 00000000 00000000 00000000
ffff8e1de4290f00 1791824550 S Zi:1:009:1 -115:1:997 1 -18:0:96 96 <
ffff8e1de4709f00 1791825547 C Zi:1:009:1 0:1:998:0 1 0:0:0 96 = 00000000 00000000 00000000 00000000 00000000 00000000 00000000 00000000
ffff8e1de4709f00 1791825550 S Zi:1:009:1 -115:1:998 1 -18:0:96 96 <
ffff8e1da3310000 1791826548 C Zi:1:009:1 0:1:999:0 1 0:0:0 96 = 00000000 00000000 00000000 00000000 00000000 00000000 00000000 00000000
ffff8e1da3310000 1791826551 S Zi:1:009:1 -115:1:999 1 -18:0:96 96 <
ffff8e1e834d6800 1791827548 C Zi:1:009:1 0:1:1000:0 1 0:0:0 96 = 00000000 00000000 00000000 00000000 00000000 00000000 00000000 00000000
ffff8e1e834d6800 1791827550 S Zi:1:009:1 -115:1:1000 1 -18:0:96 96 <
ffff8e1e90868b00 1791828548 C Zi:1:009:1 0:1:1001:0 1 0:0:0 96 = 00000000 00000000 00000000 00000000 00000000 00000000 00000000 00000000
ffff8e1e90868b00 1791828550 S Zi:1:009:1 -115:1:1001 1 -18:0:96 96 <
ffff8e1e90868c00 1791829548 C Zi:1:009:1 0:1:1002:0 1 0:0:0 96 = 00000000 00000000 00000000 00000000 00000000 00000000 00000000 00000000
ffff8e1e90868c00 1791829550 S Zi:1:009:1 -115:1:1002 1 -18:0:96 96 <
ffff8e1d9c914d00 1791830548 C Zi:1:009:1 0:1:1003:0 1 0:0:0 96 = 00000000 00000000 00000000 00000000 00000000 00000000 00000000 00000000
ffff8e1d9c914d00 1791830551 S Zi:1:009:1 -115:1:1003 1 -18:0:96 96 <
ffff8e1eae7fc800 1791831548 C Zi:1:009:1 0:1:1004:0 1 0:0:0 96 = 00000000 00000000 00000000 00000000 00000000 00000000 00000000 00000000
ffff8e1eae7fc800 1791831551 S Zi:1:009:1 -115:1:1004 1 -18:0:96 96 <
ffff8e1d89d75300 1791832548 C Zi:1:009:1 0:1:1005:0 1 0:0:0 96 = 00000000 00000000 00000000 00000000 00000000 00000000 00000000 00000000
ffff8e1d89d75300 1791832550 S Zi:1:009:1 -115:1:1005 1 -18:0:96 96 <
ffff8e1e33926c00 1791833550 C Zi:1:009:1 0:1:1006:0 1 0:0:0 96 = 00000000 00000000 00000000 00000000 00000000 00000000 00000000 00000000
ffff8e1e33926c00 1791833554 S Zi:1:009:1 -115:1:1006 1 -18:0:96 96 <
ffff8e1da3310400 1791834549 C Zi:1:009:1 0:1:1007:0 1 0:0:0 96 = 00000000 00000000 00000000 00000000 00000000 00000000 00000000 00000000
ffff8e1da3310400 1791834552 S Zi:1:009:1 -115:1:1007 1 -18:0:96 96 <
ffff8e1e52a78f00 1791835549 C Zi:1:009:1 0:1:1008:0 1 0:0:0 96 = 00000000 00000000 00000000 00000000 00000000 00000000 00000000 00000000
ffff8e1e52a78f00 1791835550 S Zi:1:009:1 -115:1:1008 1 -18:0:96 96 <
ffff8e1de4290f00 1791836549 C Zi:1:009:1 0:1:1009:0 1 0:0:0 96 = 00000000 00000000 00000000 00000000 00000000 00000000 00000000 00000000
ffff8e1de4290f00 1791836550 S Zi:1:009:1 -115:1:1009 1 -18:0:96 96 <
ffff8e1de4709f00 1791837549 C Zi:1:009:1 0:1:1010:0 1 0:0:0 96 = 00000000 00000000 00000000 00000000 00000000 00000000 00000000 00000000
ffff8e1de4709f00 1791837550 S Zi:1:009:1 -115:1:1010 1 -18:0:96 96 <
ffff8e1da3310000 1791838549 C Zi:1:009:1 0:1:1011:0 1 0:0:0 96 = 00000000 00000000 00000000 00000000 00000000 00000000 00000000 00000000
ffff8e1da3310000 1791838551 S Zi:1:009:1 -115:1:1011 1 -18:0:96 96 <
ffff8e1e834d6800 1791839549 C Zi:1:009:1 0:1:1012:0 1 0:0:0 96 = 00000000 00000000 00000000 00000000 00000000 00000000 00000000 00000000
ffff8e1e834d6800 1791839551 S Zi:1:009:1 -115:1:1012 1 -18:0:96 96 <
ffff8e1e90868b00 1791840549 C Zi:1:009:1 0:1:1013:0 1 0:0:0 96 = 00000000 00000000 00000000 00000000 00000000 00000000 00000000 00000000
ffff8e1e90868b00 1791840551 S Zi:1:009:1 -115:1:1013 1 -18:0:96 96 <
ffff8e1e90868c00 1791841550 C Zi:1:009:1 0:1:1014:0 1 0:0:0 96 = 00000000 00000000 00000000 00000000 00000000 00000000 00000000 00000000
ffff8e1e90868c00 1791841552 S Zi:1:009:1 -115:1:1014 1 -18:0:96 96 <
ffff8e1d9c914d00 1791842551 C Zi:1:009:1 0:1:1015:0 1 0:0:0 96 = 00000000 00000000 00000000 00000000 00000000 00000000 00000000 00000000
ffff8e1d9c914d00 1791842554 S Zi:1:009:1 -115:1:1015 1 -18:0:96 96 <
ffff8e1eae7fc800 1791843549 C Zi:1:009:1 0:1:1016:0 1 0:0:0 96 = 00000000 00000000 00000000 00000000 00000000 00000000 00000000 00000000
ffff8e1eae7fc800 1791843551 S Zi:1:009:1 -115:1:1016 1 -18:0:96 96 <
ffff8e1d89d75300 1791844549 C Zi:1:009:1 0:1:1017:0 1 0:0:0 96 = 00000000 00000000 00000000 00000000 00000000 00000000 00000000 00000000
ffff8e1d89d75300 1791844551 S Zi:1:009:1 -115:1:1017 1 -18:0:96 96 <
ffff8e1e33926c00 1791845549 C Zi:1:009:1 0:1:1018:0 1 0:0:0 96 = 00000000 00000000 00000000 00000000 00000000 00000000 00000000 00000000
ffff8e1e33926c00 1791845551 S Zi:1:009:1 -115:1:1018 1 -18:0:96 96 <
ffff8e1da3310400 1791846550 C Zi:1:009:1 0:1:1019:0 1 0:0:0 96 = 00000000 00000000 00000000 00000000 00000000 00000000 00000000 00000000
ffff8e1da3310400 1791846552 S Zi:1:009:1 -115:1:1019 1 -18:0:96 96 <
ffff8e1e52a78f00 1791847550 C Zi:1:009:1 0:1:1020:0 1 0:0:0 96 = 00000000 00000000 00000000 00000000 00000000 00000000 00000000 00000000
ffff8e1e52a78f00 1791847551 S Zi:1:009:1 -115:1:1020 1 -18:0:96 96 <
ffff8e1de4290f00 1791848550 C Zi:1:009:1 0:1:1021:0 1 0:0:0 96 = 00000000 00000000 00000000 00000000 00000000 00000000 00000000 00000000
ffff8e1de4290f00 1791848551 S Zi:1:009:1 -115:1:1021 1 -18:0:96 96 <
ffff8e1de4709f00 1791849551 C Zi:1:009:1 0:1:1022:0 1 0:0:0 96 = 00000000 00000000 00000000 00000000 00000000 00000000 00000000 00000000
ffff8e1de4709f00 1791849554 S Zi:1:009:1 -115:1:1022 1 -18:0:96 96 <
ffff8e1da3310000 1791850550 C Zi:1:009:1 0:1:1023:0 1 0:0:0 96 = 00000000 00000000 00000000 00000000 00000000 00000000 00000000 00000000
ffff8e1da3310000 1791850551 S Zi:1:009:1 -115:1:1023 1 -18:0:96 96 <
ffff8e1e834d6800 1791851551 C Zi:1:009:1 0:1:1024:0 1 0:0:0 96 = 00000000 00000000 00000000 00000000 00000000 00000000 00000000 00000000
ffff8e1e834d6800 1791851553 S Zi:1:009:1 -115:1:1024 1 -18:0:96 96 <
ffff8e1e90868b00 1791852550 C Zi:1:009:1 0:1:1025:0 1 0:0:0 96 = 00000000 00000000 00000000 00000000 00000000 00000000 00000000 00000000
ffff8e1e90868b00 1791852552 S Zi:1:009:1 -115:1:1025 1 -18:0:96 96 <
ffff8e1e90868c00 1791853550 C Zi:1:009:1 0:1:1026:0 1 0:0:0 96 = 00000000 00000000 00000000 00000000 00000000 00000000 00000000 00000000
ffff8e1e90868c00 1791853552 S Zi:1:009:1 -115:1:1026 1 -18:0:96 96 <
ffff8e1d9c914d00 1791854550 C Zi:1:009:1 0:1:1027:0 1 0:0:0 96 = 00000000 00000000 00000000 00000000 00000000 00000000 00000000 00000000
ffff8e1d9c914d00 1791854552 S Zi:1:009:1 -115:1:1027 1 -18:0:96 96 <
ffff8e1eae7fc800 1791855551 C Zi:1:009:1 0:1:1028:0 1 0:0:0 96 = 00000000 00000000 00000000 00000000 00000000 00000000 00000000 00000000
ffff8e1eae7fc800 1791855553 S Zi:1:009:1 -115:1:1028 1 -18:0:96 96 <
ffff8e1d89d75300 1791856552 C Zi:1:009:1 0:1:1029:0 1 0:0:0 96 = 00000000 00000000 00000000 00000000 00000000 00000000 00000000 00000000
ffff8e1d89d75300 1791856554 S Zi:1:009:1 -115:1:1029 1 -18:0:96 96 <
ffff8e1e33926c00 1791857551 C Zi:1:009:1 0:1:1030:0 1 0:0:0 96 = 00000000 00000000 00000000 00000000 00000000 00000000 00000000 00000000
ffff8e1e33926c00 1791857553 S Zi:1:009:1 -115:1:1030 1 -18:0:96 96 <
ffff8e1da3310400 1791858551 C Zi:1:009:1 0:1:1031:0 1 0:0:0 96 = 00000000 00000000 00000000 00000000 00000000 00000000 00000000 00000000
ffff8e1da3310400 1791858553 S Zi:1:009:1 -115:1:1031 1 -18:0:96 96 <
ffff8e1e52a78f00 1791859551 C Zi:1:009:1 0:1:1032:0 1 0:0:0 96 = 00000000 00000000 00000000 00000000 00000000 00000000 00000000 00000000
ffff8e1e52a78f00 1791859553 S Zi:1:009:1 -115:1:1032 1 -18:0:96 96 <
ffff8e1de4290f00 1791860551 C Zi:1:009:1 0:1:1033:0 1 0:0:0 96 = 00000000 00000000 00000000 00000000 00000000 00000000 00000000 00000000
ffff8e1de4290f00 1791860553 S Zi:1:009:1 -115:1:1033 1 -18:0:96 96 <
ffff8e1de4709f00 1791861551 C Zi:1:009:1 0:1:1034:0 1 0:0:0 96 = 00000000 00000000 00000000 00000000 00000000 00000000 00000000 00000000
ffff8e1de4709f00 1791861553 S Zi:1:009:1 -115:1:1034 1 -18:0:96 96 <
ffff8e1da3310000 1791862551 C Zi:1:009:1 0:1:1035:0 1 0:0:0 96 = 00000000 00000000 00000000 00000000 00000000 00000000 00000000 00000000
ffff8e1da3310000 1791862552 S Zi:1:009:1 -115:1:1035 1 -18:0:96 96 <
ffff8e1e834d6800 1791863551 C Zi:1:009:1 0:1:1036:0 1 0:0:0 96 = 00000000 00000000 00000000 00000000 00000000 00000000 00000000 00000000
ffff8e1e834d6800 1791863552 S Zi:1:009:1 -115:1:1036 1 -18:0:96 96 <
ffff8e1e90868b00 1791864551 C Zi:1:009:1 0:1:1037:0 1 0:0:0 96 = 00000000 00000000 00000000 00000000 00000000 00000000 00000000 00000000
ffff8e1e90868b00 1791864553 S Zi:1:009:1 -115:1:1037 1 -18:0:96 96 <
ffff8e1e90868c00 1791865551 C Zi:1:009:1 0:1:1038:0 1 0:0:0 96 = 00000000 00000000 00000000 00000000 00000000 00000000 00000000 00000000
ffff8e1e90868c00 1791865553 S Zi:1:009:1 -115:1:1038 1 -18:0:96 96 <
ffff8e1d9c914d00 1791866552 C Zi:1:009:1 0:1:1039:0 1 0:0:0 96 = 00000000 00000000 00000000 00000000 00000000 00000000 00000000 00000000
ffff8e1d9c914d00 1791866555 S Zi:1:009:1 -115:1:1039 1 -18:0:96 96 <
ffff8e1eae7fc800 1791867553 C Zi:1:009:1 0:1:1040:0 1 0:0:0 96 = 00000000 00000000 00000000 00000000 00000000 00000000 00000000 00000000
ffff8e1eae7fc800 1791867555 S Zi:1:009:1 -115:1:1040 1 -18:0:96 96 <
ffff8e1d89d75300 1791868554 C Zi:1:009:1 0:1:1041:0 1 0:0:0 96 = 00000000 00000000 00000000 00000000 00000000 00000000 00000000 00000000
ffff8e1d89d75300 1791868557 S Zi:1:009:1 -115:1:1041 1 -18:0:96 96 <
ffff8e1e33926c00 1791869554 C Zi:1:009:1 0:1:1042:0 1 0:0:0 96 = 00000000 00000000 00000000 00000000 00000000 00000000 00000000 00000000
ffff8e1e33926c00 1791869556 S Zi:1:009:1 -115:1:1042 1 -18:0:96 96 <
ffff8e1da3310400 1791870554 C Zi:1:009:1 0:1:1043:0 1 0:0:0 96 = 00000000 00000000 00000000 00000000 00000000 00000000 00000000 00000000
ffff8e1da3310400 1791870557 S Zi:1:009:1 -115:1:1043 1 -18:0:96 96 <
ffff8e1e52a78f00 1791871554 C Zi:1:009:1 0:1:1044:0 1 0:0:0 96 = 00000000 00000000 00000000 00000000 00000000 00000000 00000000 00000000
ffff8e1e52a78f00 1791871556 S Zi:1:009:1 -115:1:1044 1 -18:0:96 96 <
ffff8e1de4290f00 1791872553 C Zi:1:009:1 0:1:1045:0 1 0:0:0 96 = 00000000 00000000 00000000 00000000 00000000 00000000 00000000 00000000
ffff8e1de4290f00 1791872556 S Zi:1:009:1 -115:1:1045 1 -18:0:96 96 <
ffff8e1de4709f00 1791873554 C Zi:1:009:1 0:1:1046:0 1 0:0:0 96 = 00000000 00000000 00000000 00000000 00000000 00000000 00000000 00000000
ffff8e1de4709f00 1791873556 S Zi:1:009:1 -115:1:1046 1 -18:0:96 96 <
ffff8e1da3310000 1791874553 C Zi:1:009:1 0:1:1047:0 1 0:0:0 96 = 00000000 00000000 00000000 00000000 00000000 00000000 00000000 00000000
ffff8e1da3310000 1791874556 S Zi:1:009:1 -115:1:1047 1 -18:0:96 96 <
ffff8e1e834d6800 1791875553 C Zi:1:009:1 0:1:1048:0 1 0:0:0 96 = 00000000 00000000 00000000 00000000 00000000 00000000 00000000 00000000
ffff8e1e834d6800 1791875555 S Zi:1:009:1 -115:1:1048 1 -18:0:96 96 <
ffff8e1e90868b00 1791876552 C Zi:1:009:1 0:1:1049:0 1 0:0:0 96 = 00000000 00000000 00000000 00000000 00000000 00000000 00000000 00000000
ffff8e1e90868b00 1791876554 S Zi:1:009:1 -115:1:1049 1 -18:0:96 96 <
ffff8e1e90868c00 1791877552 C Zi:1:009:1 0:1:1050:0 1 0:0:0 96 = 00000000 00000000 00000000 00000000 00000000 00000000 00000000 00000000
ffff8e1e90868c00 1791877554 S Zi:1:009:1 -115:1:1050 1 -18:0:96 96 <
ffff8e1d9c914d00 1791878553 C Zi:1:009:1 0:1:1051:0 1 0:0:0 96 = 00000000 00000000 00000000 00000000 00000000 00000000 00000000 00000000
ffff8e1d9c914d00 1791878555 S Zi:1:009:1 -115:1:1051 1 -18:0:96 96 <
ffff8e1eae7fc800 1791879553 C Zi:1:009:1 0:1:1052:0 1 0:0:0 96 = 00000000 00000000 00000000 00000000 00000000 00000000 00000000 00000000
ffff8e1eae7fc800 1791879555 S Zi:1:009:1 -115:1:1052 1 -18:0:96 96 <
ffff8e1d89d75300 1791880553 C Zi:1:009:1 0:1:1053:0 1 0:0:0 96 = 00000000 00000000 00000000 00000000 00000000 00000000 00000000 00000000
ffff8e1d89d75300 1791880554 S Zi:1:009:1 -115:1:1053 1 -18:0:96 96 <
ffff8e1e33926c00 1791881553 C Zi:1:009:1 0:1:1054:0 1 0:0:0 96 = 00000000 00000000 00000000 00000000 00000000 00000000 00000000 00000000
ffff8e1e33926c00 1791881554 S Zi:1:009:1 -115:1:1054 1 -18:0:96 96 <
ffff8e1da3310400 1791882553 C Zi:1:009:1 0:1:1055:0 1 0:0:0 96 = 00000000 00000000 00000000 00000000 00000000 00000000 00000000 00000000
ffff8e1da3310400 1791882555 S Zi:1:009:1 -115:1:1055 1 -18:0:96 96 <
ffff8e1e52a78f00 1791883554 C Zi:1:009:1 0:1:1056:0 1 0:0:0 96 = 00000000 00000000 00000000 00000000 00000000 00000000 00000000 00000000
ffff8e1e52a78f00 1791883556 S Zi:1:009:1 -115:1:1056 1 -18:0:96 96 <
ffff8e1de4290f00 1791884553 C Zi:1:009:1 0:1:1057:0 1 0:0:0 96 = 00000000 00000000 00000000 00000000 00000000 00000000 00000000 00000000
ffff8e1de4290f00 1791884556 S Zi:1:009:1 -115:1:1057 1 -18:0:96 96 <
ffff8e1de4709f00 1791885556 C Zi:1:009:1 0:1:1058:0 1 0:0:0 96 = 00000000 00000000 00000000 00000000 00000000 00000000 00000000 00000000
ffff8e1de4709f00 1791885558 S Zi:1:009:1 -115:1:1058 1 -18:0:96 96 <
ffff8e1da3310000 1791886555 C Zi:1:009:1 0:1:1059:0 1 0:0:0 96 = 00000000 00000000 00000000 00000000 00000000 00000000 00000000 00000000
ffff8e1da3310000 1791886558 S Zi:1:009:1 -115:1:1059 1 -18:0:96 96 <
ffff8e1e834d6800 1791887555 C Zi:1:009:1 0:1:1060:0 1 0:0:0 96 = 00000000 00000000 00000000 00000000 00000000 00000000 00000000 00000000
ffff8e1e834d6800 1791887558 S Zi:1:009:1 -115:1:1060 1 -18:0:96 96 <
ffff8e1e90868b00 1791888555 C Zi:1:009:1 0:1:1061:0 1 0:0:0 96 = 00000000 00000000 00000000 00000000 00000000 00000000 00000000 00000000
ffff8e1e90868b00 1791888558 S Zi:1:009:1 -115:1:1061 1 -18:0:96 96 <
ffff8e1e90868c00 1791889554 C Zi:1:009:1 0:1:1062:0 1 0:0:0 96 = 00000000 00000000 00000000 00000000 00000000 00000000 00000000 00000000
ffff8e1e90868c00 1791889556 S Zi:1:009:1 -115:1:1062 1 -18:0:96 96 <
ffff8e1d9c914d00 1791890554 C Zi:1:009:1 0:1:1063:0 1 0:0:0 96 = 00000000 00000000 00000000 00000000 00000000 00000000 00000000 00000000
ffff8e1d9c914d00 1791890555 S Zi:1:009:1 -115:1:1063 1 -18:0:96 96 <
ffff8e1eae7fc800 1791891554 C Zi:1:009:1 0:1:1064:0 1 0:0:0 96 = 00000000 00000000 00000000 00000000 00000000 00000000 00000000 00000000
ffff8e1eae7fc800 1791891555 S Zi:1:009:1 -115:1:1064 1 -18:0:96 96 <
ffff8e1d89d75300 1791892555 C Zi:1:009:1 0:1:1065:0 1 0:0:0 96 = 00000000 00000000 00000000 00000000 00000000 00000000 00000000 00000000
ffff8e1d89d75300 1791892557 S Zi:1:009:1 -115:1:1065 1 -18:0:96 96 <
ffff8e1e33926c00 1791893556 C Zi:1:009:1 0:1:1066:0 1 0:0:0 96 = 00000000 00000000 00000000 00000000 00000000 00000000 00000000 00000000
ffff8e1e33926c00 1791893558 S Zi:1:009:1 -115:1:1066 1 -18:0:96 96 <
ffff8e1da3310400 1791894554 C Zi:1:009:1 0:1:1067:0 1 0:0:0 96 = 00000000 00000000 00000000 00000000 00000000 00000000 00000000 00000000
ffff8e1da3310400 1791894556 S Zi:1:009:1 -115:1:1067 1 -18:0:96 96 <
ffff8e1e52a78f00 1791895554 C Zi:1:009:1 0:1:1068:0 1 0:0:0 96 = 00000000 00000000 00000000 00000000 00000000 00000000 00000000 00000000
ffff8e1e52a78f00 1791895556 S Zi:1:009:1 -115:1:1068 1 -18:0:96 96 <
ffff8e1de4290f00 1791896554 C Zi:1:009:1 0:1:1069:0 1 0:0:0 96 = 00000000 00000000 00000000 00000000 00000000 00000000 00000000 00000000
ffff8e1de4290f00 1791896556 S Zi:1:009:1 -115:1:1069 1 -18:0:96 96 <
ffff8e1de4709f00 1791897555 C Zi:1:009:1 0:1:1070:0 1 0:0:0 96 = 00000000 00000000 00000000 00000000 00000000 00000000 00000000 00000000
ffff8e1de4709f00 1791897556 S Zi:1:009:1 -115:1:1070 1 -18:0:96 96 <
ffff8e1da3310000 1791898554 C Zi:1:009:1 0:1:1071:0 1 0:0:0 96 = 00000000 00000000 00000000 00000000 00000000 00000000 00000000 00000000
ffff8e1da3310000 1791898556 S Zi:1:009:1 -115:1:1071 1 -18:0:96 96 <
ffff8e1e834d6800 1791899556 C Zi:1:009:1 0:1:1072:0 1 0:0:0 96 = 00000000 00000000 00000000 00000000 00000000 00000000 00000000 00000000
ffff8e1e834d6800 1791899558 S Zi:1:009:1 -115:1:1072 1 -18:0:96 96 <
ffff8e1e90868b00 1791900555 C Zi:1:009:1 0:1:1073:0 1 0:0:0 96 = 00000000 00000000 00000000 00000000 00000000 00000000 00000000 00000000
ffff8e1e90868b00 1791900556 S Zi:1:009:1 -115:1:1073 1 -18:0:96 96 <
ffff8e1e90868c00 1791901557 C Zi:1:009:1 0:1:1074:0 1 0:0:0 96 = 00000000 00000000 00000000 00000000 00000000 00000000 00000000 00000000
ffff8e1e90868c00 1791901560 S Zi:1:009:1 -115:1:1074 1 -18:0:96 96 <
ffff8e1d9c914d00 1791902557 C Zi:1:009:1 0:1:1075:0 1 0:0:0 96 = 00000000 00000000 00000000 00000000 00000000 00000000 00000000 00000000
ffff8e1d9c914d00 1791902560 S Zi:1:009:1 -115:1:1075 1 -18:0:96 96 <
ffff8e1eae7fc800 1791903557 C Zi:1:009:1 0:1:1076:0 1 0:0:0 96 = 00000000 00000000 00000000 00000000 00000000 00000000 00000000 00000000
ffff8e1eae7fc800 1791903560 S Zi:1:009:1 -115:1:1076 1 -18:0:96 96 <
ffff8e1d89d75300 1791904556 C Zi:1:009:1 0:1:1077:0 1 0:0:0 96 = 00000000 00000000 00000000 00000000 00000000 00000000 00000000 00000000
ffff8e1d89d75300 1791904559 S Zi:1:009:1 -115:1:1077 1 -18:0:96 96 <
ffff8e1e33926c00 1791905556 C Zi:1:009:1 0:1:1078:0 1 0:0:0 96 = 00000000 00000000 00000000 00000000 00000000 00000000 00000000 00000000
ffff8e1e33926c00 1791905558 S Zi:1:009:1 -115:1:1078 1 -18:0:96 96 <
ffff8e1da3310400 1791906555 C Zi:1:009:1 0:1:1079:0 1 0:0:0 96 = 00000000 00000000 00000000 00000000 00000000 00000000 00000000 00000000
ffff8e1da3310400 1791906557 S Zi:1:009:1 -115:1:1079 1 -18:0:96 96 <
ffff8e1e52a78f00 1791907556 C Zi:1:009:1 0:1:1080:0 1 0:0:0 96 = 00000000 00000000 00000000 00000000 00000000 00000000 00000000 00000000
ffff8e1e52a78f00 1791907558 S Zi:1:009:1 -115:1:1080 1 -18:0:96 96 <
ffff8e1de4290f00 1791908555 C Zi:1:009:1 0:1:1081:0 1 0:0:0 96 = 00000000 00000000 00000000 00000000 00000000 00000000 00000000 00000000
ffff8e1de4290f00 1791908557 S Zi:1:009:1 -115:1:1081 1 -18:0:96 96 <
ffff8e1de4709f00 1791909556 C Zi:1:009:1 0:1:1082:0 1 0:0:0 96 = 00000000 00000000 00000000 00000000 00000000 00000000 00000000 00000000
ffff8e1de4709f00 1791909559 S Zi:1:009:1 -115:1:1082 1 -18:0:96 96 <
ffff8e1da3310000 1791910555 C Zi:1:009:1 0:1:1083:0 1 0:0:0 96 = 00000000 00000000 00000000 00000000 00000000 00000000 00000000 00000000
ffff8e1da3310000 1791910557 S Zi:1:009:1 -115:1:1083 1 -18:0:96 96 <
ffff8e1e834d6800 1791911555 C Zi:1:009:1 0:1:1084:0 1 0:0:0 96 = 00000000 00000000 00000000 00000000 00000000 00000000 00000000 00000000
ffff8e1e834d6800 1791911557 S Zi:1:009:1 -115:1:1084 1 -18:0:96 96 <
ffff8e1e90868b00 1791912555 C Zi:1:009:1 0:1:1085:0 1 0:0:0 96 = 00000000 00000000 00000000 00000000 00000000 00000000 00000000 00000000
ffff8e1e90868b00 1791912557 S Zi:1:009:1 -115:1:1085 1 -18:0:96 96 <
ffff8e1e90868c00 1791913556 C Zi:1:009:1 0:1:1086:0 1 0:0:0 96 = 00000000 00000000 00000000 00000000 00000000 00000000 00000000 00000000
ffff8e1e90868c00 1791913558 S Zi:1:009:1 -115:1:1086 1 -18:0:96 96 <
ffff8e1d9c914d00 1791914556 C Zi:1:009:1 0:1:1087:0 1 0:0:0 96 = 00000000 00000000 00000000 00000000 00000000 00000000 00000000 00000000
ffff8e1d9c914d00 1791914557 S Zi:1:009:1 -115:1:1087 1 -18:0:96 96 <
ffff8e1eae7fc800 1791915556 C Zi:1:009:1 0:1:1088:0 1 0:0:0 96 = 00000000 00000000 00000000 00000000 00000000 00000000 00000000 00000000
ffff8e1eae7fc800 1791915557 S Zi:1:009:1 -115:1:1088 1 -18:0:96 96 <
ffff8e1d89d75300 1791916557 C Zi:1:009:1 0:1:1089:0 1 0:0:0 96 = 00000000 00000000 00000000 00000000 00000000 00000000 00000000 00000000
ffff8e1d89d75300 1791916560 S Zi:1:009:1 -115:1:1089 1 -18:0:96 96 <
ffff8e1e33926c00 1791917557 C Zi:1:009:1 0:1:1090:0 1 0:0:0 96 = 00000000 00000000 00000000 00000000 00000000 00000000 00000000 00000000
ffff8e1e33926c00 1791917559 S Zi:1:009:1 -115:1:1090 1 -18:0:96 96 <
ffff8e1da3310400 1791918560 C Zi:1:009:1 0:1:1091:0 1 0:0:0 96 = 00000000 00000000 00000000 00000000 00000000 00000000 00000000 00000000
ffff8e1da3310400 1791918563 S Zi:1:009:1 -115:1:1091 1 -18:0:96 96 <
ffff8e1e52a78f00 1791919558 C Zi:1:009:1 0:1:1092:0 1 0:0:0 96 = 00000000 00000000 00000000 00000000 00000000 00000000 00000000 00000000
ffff8e1e52a78f00 1791919561 S Zi:1:009:1 -115:1:1092 1 -18:0:96 96 <
ffff8e1de4290f00 1791920558 C Zi:1:009:1 0:1:1093:0 1 0:0:0 96 = 00000000 00000000 00000000 00000000 00000000 00000000 00000000 00000000
ffff8e1de4290f00 1791920561 S Zi:1:009:1 -115:1:1093 1 -18:0:96 96 <
ffff8e1de4709f00 1791921558 C Zi:1:009:1 0:1:1094:0 1 0:0:0 96 = 00000000 00000000 00000000 00000000 00000000 00000000 00000000 00000000
ffff8e1de4709f00 1791921561 S Zi:1:009:1 -115:1:1094 1 -18:0:96 96 <
ffff8e1da3310000 1791922557 C Zi:1:009:1 0:1:1095:0 1 0:0:0 96 = 00000000 00000000 00000000 00000000 00000000 00000000 00000000 00000000
ffff8e1da3310000 1791922559 S Zi:1:009:1 -115:1:1095 1 -18:0:96 96 <
ffff8e1e834d6800 1791923557 C Zi:1:009:1 0:1:1096:0 1 0:0:0 96 = 00000000 00000000 00000000 00000000 00000000 00000000 00000000 00000000
ffff8e1e834d6800 1791923559 S Zi:1:009:1 -115:1:1096 1 -18:0:96 96 <
ffff8e1e90868b00 1791924557 C Zi:1:009:1 0:1:1097:0 1 0:0:0 96 = 00000000 00000000 00000000 00000000 00000000 00000000 00000000 00000000
ffff8e1e90868b00 1791924558 S Zi:1:009:1 -115:1:1097 1 -18:0:96 96 <
ffff8e1e90868c00 1791925557 C Zi:1:009:1 0:1:1098:0 1 0:0:0 96 = 00000000 00000000 00000000 00000000 00000000 00000000 00000000 00000000
ffff8e1e90868c00 1791925558 S Zi:1:009:1 -115:1:1098 1 -18:0:96 96 <
ffff8e1d9c914d00 1791926558 C Zi:1:009:1 0:1:1099:0 1 0:0:0 96 = 00000000 00000000 00000000 00000000 00000000 00000000 00000000 00000000
ffff8e1d9c914d00 1791926560 S Zi:1:009:1 -115:1:1099 1 -18:0:96 96 <
ffff8e1eae7fc800 1791927557 C Zi:1:009:1 0:1:1100:0 1 0:0:0 96 = 00000000 00000000 00000000 00000000 00000000 00000000 00000000 00000000
ffff8e1eae7fc800 1791927559 S Zi:1:009:1 -115:1:1100 1 -18:0:96 96 <
ffff8e1d89d75300 1791928557 C Zi:1:009:1 0:1:1101:0 1 0:0:0 96 = 00000000 00000000 00000000 00000000 00000000 00000000 00000000 00000000
ffff8e1d89d75300 1791928559 S Zi:1:009:1 -115:1:1101 1 -18:0:96 96 <
ffff8e1e33926c00 1791929557 C Zi:1:009:1 0:1:1102:0 1 0:0:0 96 = 00000000 00000000 00000000 00000000 00000000 00000000 00000000 00000000
ffff8e1e33926c00 1791929559 S Zi:1:009:1 -115:1:1102 1 -18:0:96 96 <
ffff8e1da3310400 1791930559 C Zi:1:009:1 0:1:1103:0 1 0:0:0 96 = 00000000 00000000 00000000 00000000 00000000 00000000 00000000 00000000
ffff8e1da3310400 1791930561 S Zi:1:009:1 -115:1:1103 1 -18:0:96 96 <
ffff8e1e52a78f00 1791931558 C Zi:1:009:1 0:1:1104:0 1 0:0:0 96 = 00000000 00000000 00000000 00000000 00000000 00000000 00000000 00000000
ffff8e1e52a78f00 1791931559 S Zi:1:009:1 -115:1:1104 1 -18:0:96 96 <
ffff8e1de4290f00 1791932557 C Zi:1:009:1 0:1:1105:0 1 0:0:0 96 = 00000000 00000000 00000000 00000000 00000000 00000000 00000000 00000000
ffff8e1de4290f00 1791932559 S Zi:1:009:1 -115:1:1105 1 -18:0:96 96 <
ffff8e1de4709f00 1791933559 C Zi:1:009:1 0:1:1106:0 1 0:0:0 96 = 00000000 00000000 00000000 00000000 00000000 00000000 00000000 00000000
ffff8e1de4709f00 1791933561 S Zi:1:009:1 -115:1:1106 1 -18:0:96 96 <
ffff8e1da3310000 1791934559 C Zi:1:009:1 0:1:1107:0 1 0:0:0 96 = 00000000 00000000 00000000 00000000 00000000 00000000 00000000 00000000
ffff8e1da3310000 1791934562 S Zi:1:009:1 -115:1:1107 1 -18:0:96 96 <
ffff8e1e834d6800 1791935560 C Zi:1:009:1 0:1:1108:0 1 0:0:0 96 = 00000000 00000000 00000000 00000000 00000000 00000000 00000000 00000000
ffff8e1e834d6800 1791935563 S Zi:1:009:1 -115:1:1108 1 -18:0:96 96 <
ffff8e1e90868b00 1791936560 C Zi:1:009:1 0:1:1109:0 1 0:0:0 96 = 00000000 00000000 00000000 00000000 00000000 00000000 00000000 00000000
ffff8e1e90868b00 1791936563 S Zi:1:009:1 -115:1:1109 1 -18:0:96 96 <
ffff8e1e90868c00 1791937560 C Zi:1:009:1 0:1:1110:0 1 0:0:0 96 = 00000000 00000000 00000000 00000000 00000000 00000000 00000000 00000000
ffff8e1e90868c00 1791937563 S Zi:1:009:1 -115:1:1110 1 -18:0:96 96 <
ffff8e1d9c914d00 1791938559 C Zi:1:009:1 0:1:1111:0 1 0:0:0 96 = 00000000 00000000 00000000 00000000 00000000 00000000 00000000 00000000
ffff8e1d9c914d00 1791938561 S Zi:1:009:1 -115:1:1111 1 -18:0:96 96 <
ffff8e1eae7fc800 1791939558 C Zi:1:009:1 0:1:1112:0 1 0:0:0 96 = 00000000 00000000 00000000 00000000 00000000 00000000 00000000 00000000
ffff8e1eae7fc800 1791939559 S Zi:1:009:1 -115:1:1112 1 -18:0:96 96 <
ffff8e1d89d75300 1791940558 C Zi:1:009:1 0:1:1113:0 1 0:0:0 96 = 00000000 00000000 00000000 00000000 00000000 00000000 00000000 00000000
ffff8e1d89d75300 1791940560 S Zi:1:009:1 -115:1:1113 1 -18:0:96 96 <
ffff8e1e33926c00 1791941560 C Zi:1:009:1 0:1:1114:0 1 0:0:0 96 = 00000000 00000000 00000000 00000000 00000000 00000000 00000000 00000000
ffff8e1e33926c00 1791941562 S Zi:1:009:1 -115:1:1114 1 -18:0:96 96 <
ffff8e1da3310400 1791942560 C Zi:1:009:1 0:1:1115:0 1 0:0:0 96 = 00000000 00000000 00000000 00000000 00000000 00000000 00000000 00000000
ffff8e1da3310400 1791942563 S Zi:1:009:1 -115:1:1115 1 -18:0:96 96 <
ffff8e1e52a78f00 1791943559 C Zi:1:009:1 0:1:1116:0 1 0:0:0 96 = 00000000 00000000 00000000 00000000 00000000 00000000 00000000 00000000
ffff8e1e52a78f00 1791943561 S Zi:1:009:1 -115:1:1116 1 -18:0:96 96 <
ffff8e1de4290f00 1791944559 C Zi:1:009:1 0:1:1117:0 1 0:0:0 96 = 00000000 00000000 00000000 00000000 00000000 00000000 00000000 00000000
ffff8e1de4290f00 1791944560 S Zi:1:009:1 -115:1:1117 1 -18:0:96 96 <
ffff8e1de4709f00 1791945559 C Zi:1:009:1 0:1:1118:0 1 0:0:0 96 = 00000000 00000000 00000000 00000000 00000000 00000000 00000000 00000000
ffff8e1de4709f00 1791945561 S Zi:1:009:1 -115:1:1118 1 -18:0:96 96 <
ffff8e1da3310000 1791946559 C Zi:1:009:1 0:1:1119:0 1 0:0:0 96 = 00000000 00000000 00000000 00000000 00000000 00000000 00000000 00000000
ffff8e1da3310000 1791946560 S Zi:1:009:1 -115:1:1119 1 -18:0:96 96 <
ffff8e1e834d6800 1791947559 C Zi:1:009:1 0:1:1120:0 1 0:0:0 96 = 00000000 00000000 00000000 00000000 00000000 00000000 00000000 00000000
ffff8e1e834d6800 1791947561 S Zi:1:009:1 -115:1:1120 1 -18:0:96 96 <
ffff8e1e90868b00 1791948559 C Zi:1:009:1 0:1:1121:0 1 0:0:0 96 = 00000000 00000000 00000000 00000000 00000000 00000000 00000000 00000000
ffff8e1e90868b00 1791948560 S Zi:1:009:1 -115:1:1121 1 -18:0:96 96 <
ffff8e1e90868c00 1791949560 C Zi:1:009:1 0:1:1122:0 1 0:0:0 96 = 00000000 00000000 00000000 00000000 00000000 00000000 00000000 00000000
ffff8e1e90868c00 1791949563 S Zi:1:009:1 -115:1:1122 1 -18:0:96 96 <
ffff8e1d9c914d00 1791950559 C Zi:1:009:1 0:1:1123:0 1 0:0:0 96 = 00000000 00000000 00000000 00000000 00000000 00000000 00000000 00000000
ffff8e1d9c914d00 1791950561 S Zi:1:009:1 -115:1:1123 1 -18:0:96 96 <
ffff8e1eae7fc800 1791951561 C Zi:1:009:1 0:1:1124:0 1 0:0:0 96 = 00000000 00000000 00000000 00000000 00000000 00000000 00000000 00000000
ffff8e1eae7fc800 1791951564 S Zi:1:009:1 -115:1:1124 1 -18:0:96 96 <
ffff8e1d89d75300 1791952561 C Zi:1:009:1 0:1:1125:0 1 0:0:0 96 = 00000000 00000000 00000000 00000000 00000000 00000000 00000000 00000000
ffff8e1d89d75300 1791952564 S Zi:1:009:1 -115:1:1125 1 -18:0:96 96 <
ffff8e1e33926c00 1791953563 C Zi:1:009:1 0:1:1126:0 1 0:0:0 96 = 00000000 00000000 00000000 00000000 00000000 00000000 00000000 00000000
ffff8e1e33926c00 1791953566 S Zi:1:009:1 -115:1:1126 1 -18:0:96 96 <
ffff8e1da3310400 1791954561 C Zi:1:009:1 0:1:1127:0 1 0:0:0 96 = 00000000 00000000 00000000 00000000 00000000 00000000 00000000 00000000
ffff8e1da3310400 1791954564 S Zi:1:009:1 -115:1:1127 1 -18:0:96 96 <
ffff8e1e52a78f00 1791955561 C Zi:1:009:1 0:1:1128:0 1 0:0:0 96 = 00000000 00000000 00000000 00000000 00000000 00000000 00000000 00000000
ffff8e1e52a78f00 1791955564 S Zi:1:009:1 -115:1:1128 1 -18:0:96 96 <
ffff8e1de4290f00 1791956561 C Zi:1:009:1 0:1:1129:0 1 0:0:0 96 = 00000000 00000000 00000000 00000000 00000000 00000000 00000000 00000000
ffff8e1de4290f00 1791956563 S Zi:1:009:1 -115:1:1129 1 -18:0:96 96 <
ffff8e1de4709f00 1791957560 C Zi:1:009:1 0:1:1130:0 1 0:0:0 96 = 00000000 00000000 00000000 00000000 00000000 00000000 00000000 00000000
ffff8e1de4709f00 1791957562 S Zi:1:009:1 -115:1:1130 1 -18:0:96 96 <
ffff8e1da3310000 1791958560 C Zi:1:009:1 0:1:1131:0 1 0:0:0 96 = 00000000 00000000 00000000 00000000 00000000 00000000 00000000 00000000
ffff8e1da3310000 1791958561 S Zi:1:009:1 -115:1:1131 1 -18:0:96 96 <
ffff8e1e834d6800 1791959560 C Zi:1:009:1 0:1:1132:0 1 0:0:0 96 = 00000000 00000000 00000000 00000000 00000000 00000000 00000000 00000000
ffff8e1e834d6800 1791959561 S Zi:1:009:1 -115:1:1132 1 -18:0:96 96 <
ffff8e1e90868b00 1791960560 C Zi:1:009:1 0:1:1133:0 1 0:0:0 96 = 00000000 00000000 00000000 00000000 00000000 00000000 00000000 00000000
ffff8e1e90868b00 1791960562 S Zi:1:009:1 -115:1:1133 1 -18:0:96 96 <
ffff8e1e90868c00 1791961560 C Zi:1:009:1 0:1:1134:0 1 0:0:0 96 = 00000000 00000000 00000000 00000000 00000000 00000000 00000000 00000000
ffff8e1e90868c00 1791961562 S Zi:1:009:1 -115:1:1134 1 -18:0:96 96 <
ffff8e1d9c914d00 1791962560 C Zi:1:009:1 0:1:1135:0 1 0:0:0 96 = 00000000 00000000 00000000 00000000 00000000 00000000 00000000 00000000
ffff8e1d9c914d00 1791962562 S Zi:1:009:1 -115:1:1135 1 -18:0:96 96 <
ffff8e1eae7fc800 1791963560 C Zi:1:009:1 0:1:1136:0 1 0:0:0 96 = 00000000 00000000 00000000 00000000 00000000 00000000 00000000 00000000
ffff8e1eae7fc800 1791963562 S Zi:1:009:1 -115:1:1136 1 -18:0:96 96 <
ffff8e1d89d75300 1791964561 C Zi:1:009:1 0:1:1137:0 1 0:0:0 96 = 00000000 00000000 00000000 00000000 00000000 00000000 00000000 00000000
ffff8e1d89d75300 1791964563 S Zi:1:009:1 -115:1:1137 1 -18:0:96 96 <
ffff8e1e33926c00 1791965560 C Zi:1:009:1 0:1:1138:0 1 0:0:0 96 = 00000000 00000000 00000000 00000000 00000000 00000000 00000000 00000000
ffff8e1e33926c00 1791965562 S Zi:1:009:1 -115:1:1138 1 -18:0:96 96 <
ffff8e1da3310400 1791966562 C Zi:1:009:1 0:1:1139:0 1 0:0:0 96 = 00000000 00000000 00000000 00000000 00000000 00000000 00000000 00000000
ffff8e1da3310400 1791966564 S Zi:1:009:1 -115:1:1139 1 -18:0:96 96 <
ffff8e1e52a78f00 1791967561 C Zi:1:009:1 0:1:1140:0 1 0:0:0 96 = 00000000 00000000 00000000 00000000 00000000 00000000 00000000 00000000
ffff8e1e52a78f00 1791967563 S Zi:1:009:1 -115:1:1140 1 -18:0:96 96 <
ffff8e1de4290f00 1791968563 C Zi:1:009:1 0:1:1141:0 1 0:0:0 96 = 00000000 00000000 00000000 00000000 00000000 00000000 00000000 00000000
ffff8e1de4290f00 1791968567 S Zi:1:009:1 -115:1:1141 1 -18:0:96 96 <
ffff8e1de4709f00 1791969563 C Zi:1:009:1 0:1:1142:0 1 0:0:0 96 = 00000000 00000000 00000000 00000000 00000000 00000000 00000000 00000000
ffff8e1de4709f00 1791969566 S Zi:1:009:1 -115:1:1142 1 -18:0:96 96 <
ffff8e1da3310000 1791970563 C Zi:1:009:1 0:1:1143:0 1 0:0:0 96 = 00000000 00000000 00000000 00000000 00000000 00000000 00000000 00000000
ffff8e1da3310000 1791970566 S Zi:1:009:1 -115:1:1143 1 -18:0:96 96 <
ffff8e1e834d6800 1791971564 C Zi:1:009:1 0:1:1144:0 1 0:0:0 96 = 00000000 00000000 00000000 00000000 00000000 00000000 00000000 00000000
ffff8e1e834d6800 1791971566 S Zi:1:009:1 -115:1:1144 1 -18:0:96 96 <
ffff8e1e90868b00 1791972563 C Zi:1:009:1 0:1:1145:0 1 0:0:0 96 = 00000000 00000000 00000000 00000000 00000000 00000000 00000000 00000000
ffff8e1e90868b00 1791972566 S Zi:1:009:1 -115:1:1145 1 -18:0:96 96 <
ffff8e1e90868c00 1791973563 C Zi:1:009:1 0:1:1146:0 1 0:0:0 96 = 00000000 00000000 00000000 00000000 00000000 00000000 00000000 00000000
ffff8e1e90868c00 1791973566 S Zi:1:009:1 -115:1:1146 1 -18:0:96 96 <
ffff8e1d9c914d00 1791974562 C Zi:1:009:1 0:1:1147:0 1 0:0:0 96 = 00000000 00000000 00000000 00000000 00000000 00000000 00000000 00000000
ffff8e1d9c914d00 1791974565 S Zi:1:009:1 -115:1:1147 1 -18:0:96 96 <
ffff8e1eae7fc800 1791975562 C Zi:1:009:1 0:1:1148:0 1 0:0:0 96 = 00000000 00000000 00000000 00000000 00000000 00000000 00000000 00000000
ffff8e1eae7fc800 1791975564 S Zi:1:009:1 -115:1:1148 1 -18:0:96 96 <
ffff8e1d89d75300 1791976561 C Zi:1:009:1 0:1:1149:0 1 0:0:0 96 = 00000000 00000000 00000000 00000000 00000000 00000000 00000000 00000000
ffff8e1d89d75300 1791976563 S Zi:1:009:1 -115:1:1149 1 -18:0:96 96 <
ffff8e1e33926c00 1791977562 C Zi:1:009:1 0:1:1150:0 1 0:0:0 96 = 00000000 00000000 00000000 00000000 00000000 00000000 00000000 00000000
ffff8e1e33926c00 1791977563 S Zi:1:009:1 -115:1:1150 1 -18:0:96 96 <
ffff8e1da3310400 1791978562 C Zi:1:009:1 0:1:1151:0 1 0:0:0 96 = 00000000 00000000 00000000 00000000 00000000 00000000 00000000 00000000
ffff8e1da3310400 1791978564 S Zi:1:009:1 -115:1:1151 1 -18:0:96 96 <
ffff8e1e52a78f00 1791979562 C Zi:1:009:1 0:1:1152:0 1 0:0:0 96 = 00000000 00000000 00000000 00000000 00000000 00000000 00000000 00000000
ffff8e1e52a78f00 1791979564 S Zi:1:009:1 -115:1:1152 1 -18:0:96 96 <
ffff8e1de4290f00 1791980562 C Zi:1:009:1 0:1:1153:0 1 0:0:0 96 = 00000000 00000000 00000000 00000000 00000000 00000000 00000000 00000000
ffff8e1de4290f00 1791980563 S Zi:1:009:1 -115:1:1153 1 -18:0:96 96 <
ffff8e1de4709f00 1791981562 C Zi:1:009:1 0:1:1154:0 1 0:0:0 96 = 00000000 00000000 00000000 00000000 00000000 00000000 00000000 00000000
ffff8e1de4709f00 1791981564 S Zi:1:009:1 -115:1:1154 1 -18:0:96 96 <
ffff8e1da3310000 1791982562 C Zi:1:009:1 0:1:1155:0 1 0:0:0 96 = 00000000 00000000 00000000 00000000 00000000 00000000 00000000 00000000
ffff8e1da3310000 1791982564 S Zi:1:009:1 -115:1:1155 1 -18:0:96 96 <
ffff8e1e834d6800 1791983564 C Zi:1:009:1 0:1:1156:0 1 0:0:0 96 = 00000000 00000000 00000000 00000000 00000000 00000000 00000000 00000000
ffff8e1e834d6800 1791983567 S Zi:1:009:1 -115:1:1156 1 -18:0:96 96 <
ffff8e1e90868b00 1791984562 C Zi:1:009:1 0:1:1157:0 1 0:0:0 96 = 00000000 00000000 00000000 00000000 00000000 00000000 00000000 00000000
ffff8e1e90868b00 1791984564 S Zi:1:009:1 -115:1:1157 1 -18:0:96 96 <
ffff8e1e90868c00 1791985564 C Zi:1:009:1 0:1:1158:0 1 0:0:0 96 = 00000000 00000000 00000000 00000000 00000000 00000000 00000000 00000000
ffff8e1e90868c00 1791985567 S Zi:1:009:1 -115:1:1158 1 -18:0:96 96 <
ffff8e1d9c914d00 1791986564 C Zi:1:009:1 0:1:1159:0 1 0:0:0 96 = 00000000 00000000 00000000 00000000 00000000 00000000 00000000 00000000
ffff8e1d9c914d00 1791986567 S Zi:1:009:1 -115:1:1159 1 -18:0:96 96 <
ffff8e1eae7fc800 1791987564 C Zi:1:009:1 0:1:1160:0 1 0:0:0 96 = 00000000 00000000 00000000 00000000 00000000 00000000 00000000 00000000
ffff8e1eae7fc800 1791987570 S Zi:1:009:1 -115:1:1160 1 -18:0:96 96 <
ffff8e1d89d75300 1791988564 C Zi:1:009:1 0:1:1161:0 1 0:0:0 96 = 00000000 00000000 00000000 00000000 00000000 00000000 00000000 00000000
ffff8e1d89d75300 1791988567 S Zi:1:009:1 -115:1:1161 1 -18:0:96 96 <
ffff8e1e33926c00 1791989563 C Zi:1:009:1 0:1:1162:0 1 0:0:0 96 = 00000000 00000000 00000000 00000000 00000000 00000000 00000000 00000000
ffff8e1e33926c00 1791989566 S Zi:1:009:1 -115:1:1162 1 -18:0:96 96 <
ffff8e1da3310400 1791990562 C Zi:1:009:1 0:1:1163:0 1 0:0:0 96 = 00000000 00000000 00000000 00000000 00000000 00000000 00000000 00000000
ffff8e1da3310400 1791990565 S Zi:1:009:1 -115:1:1163 1 -18:0:96 96 <
ffff8e1e52a78f00 1791991563 C Zi:1:009:1 0:1:1164:0 1 0:0:0 96 = 00000000 00000000 00000000 00000000 00000000 00000000 00000000 00000000
ffff8e1e52a78f00 1791991565 S Zi:1:009:1 -115:1:1164 1 -18:0:96 96 <
ffff8e1de4290f00 1791992564 C Zi:1:009:1 0:1:1165:0 1 0:0:0 96 = 00000000 00000000 00000000 00000000 00000000 00000000 00000000 00000000
ffff8e1de4290f00 1791992566 S Zi:1:009:1 -115:1:1165 1 -18:0:96 96 <
ffff8e1de4709f00 1791993563 C Zi:1:009:1 0:1:1166:0 1 0:0:0 96 = 00000000 00000000 00000000 00000000 00000000 00000000 00000000 00000000
ffff8e1de4709f00 1791993566 S Zi:1:009:1 -115:1:1166 1 -18:0:96 96 <
ffff8e1da3310000 1791994563 C Zi:1:009:1 0:1:1167:0 1 0:0:0 96 = 00000000 00000000 00000000 00000000 00000000 00000000 00000000 00000000
ffff8e1da3310000 1791994565 S Zi:1:009:1 -115:1:1167 1 -18:0:96 96 <
ffff8e1e834d6800 1791995563 C Zi:1:009:1 0:1:1168:0 1 0:0:0 96 = 00000000 00000000 00000000 00000000 00000000 00000000 00000000 00000000
ffff8e1e834d6800 1791995565 S Zi:1:009:1 -115:1:1168 1 -18:0:96 96 <
ffff8e1e90868b00 1791996563 C Zi:1:009:1 0:1:1169:0 1 0:0:0 96 = 00000000 00000000 00000000 00000000 00000000 00000000 00000000 00000000
ffff8e1e90868b00 1791996565 S Zi:1:009:1 -115:1:1169 1 -18:0:96 96 <
ffff8e1e90868c00 1791997563 C Zi:1:009:1 0:1:1170:0 1 0:0:0 96 = 00000000 00000000 00000000 00000000 00000000 00000000 00000000 00000000
ffff8e1e90868c00 1791997566 S Zi:1:009:1 -115:1:1170 1 -18:0:96 96 <
ffff8e1d9c914d00 1791998563 C Zi:1:009:1 0:1:1171:0 1 0:0:0 96 = 00000000 00000000 00000000 00000000 00000000 00000000 00000000 00000000
ffff8e1d9c914d00 1791998566 S Zi:1:009:1 -115:1:1171 1 -18:0:96 96 <
ffff8e1eae7fc800 1791999565 C Zi:1:009:1 0:1:1172:0 1 0:0:0 96 = 00000000 00000000 00000000 00000000 00000000 00000000 00000000 00000000
ffff8e1eae7fc800 1791999568 S Zi:1:009:1 -115:1:1172 1 -18:0:96 96 <
ffff8e1d89d75300 1792000565 C Zi:1:009:1 0:1:1173:0 1 0:0:0 96 = 00000000 00000000 00000000 00000000 00000000 00000000 00000000 00000000
ffff8e1d89d75300 1792000568 S Zi:1:009:1 -115:1:1173 1 -18:0:96 96 <
ffff8e1e33926c00 1792001565 C Zi:1:009:1 0:1:1174:0 1 0:0:0 96 = 00000000 00000000 00000000 00000000 00000000 00000000 00000000 00000000
ffff8e1e33926c00 1792001569 S Zi:1:009:1 -115:1:1174 1 -18:0:96 96 <
ffff8e1da3310400 1792002564 C Zi:1:009:1 0:1:1175:0 1 0:0:0 96 = 00000000 00000000 00000000 00000000 00000000 00000000 00000000 00000000
ffff8e1da3310400 1792002566 S Zi:1:009:1 -115:1:1175 1 -18:0:96 96 <
ffff8e1e52a78f00 1792003564 C Zi:1:009:1 0:1:1176:0 1 0:0:0 96 = 00000000 00000000 00000000 00000000 00000000 00000000 00000000 00000000
ffff8e1e52a78f00 1792003566 S Zi:1:009:1 -115:1:1176 1 -18:0:96 96 <
ffff8e1de4290f00 1792004565 C Zi:1:009:1 0:1:1177:0 1 0:0:0 96 = 00000000 00000000 00000000 00000000 00000000 00000000 00000000 00000000
ffff8e1de4290f00 1792004569 S Zi:1:009:1 -115:1:1177 1 -18:0:96 96 <
ffff8e1de4709f00 1792005565 C Zi:1:009:1 0:1:1178:0 1 0:0:0 96 = 00000000 00000000 00000000 00000000 00000000 00000000 00000000 00000000
ffff8e1de4709f00 1792005569 S Zi:1:009:1 -115:1:1178 1 -18:0:96 96 <
ffff8e1da3310000 1792006564 C Zi:1:009:1 0:1:1179:0 1 0:0:0 96 = 00000000 00000000 00000000 00000000 00000000 00000000 00000000 00000000
ffff8e1da3310000 1792006567 S Zi:1:009:1 -115:1:1179 1 -18:0:96 96 <
ffff8e1e834d6800 1792007566 C Zi:1:009:1 0:1:1180:0 1 0:0:0 96 = 00000000 00000000 00000000 00000000 00000000 00000000 00000000 00000000
ffff8e1e834d6800 1792007569 S Zi:1:009:1 -115:1:1180 1 -18:0:96 96 <
ffff8e1e90868b00 1792008564 C Zi:1:009:1 0:1:1181:0 1 0:0:0 96 = 00000000 00000000 00000000 00000000 00000000 00000000 00000000 00000000
ffff8e1e90868b00 1792008567 S Zi:1:009:1 -115:1:1181 1 -18:0:96 96 <
ffff8e1e90868c00 1792009566 C Zi:1:009:1 0:1:1182:0 1 0:0:0 96 = 00000000 00000000 00000000 00000000 00000000 00000000 00000000 00000000
ffff8e1e90868c00 1792009569 S Zi:1:009:1 -115:1:1182 1 -18:0:96 96 <
ffff8e1d9c914d00 1792010565 C Zi:1:009:1 0:1:1183:0 1 0:0:0 96 = 00000000 00000000 00000000 00000000 00000000 00000000 00000000 00000000
ffff8e1d9c914d00 1792010567 S Zi:1:009:1 -115:1:1183 1 -18:0:96 96 <
ffff8e1eae7fc800 1792011564 C Zi:1:009:1 0:1:1184:0 1 0:0:0 96 = 00000000 00000000 00000000 00000000 00000000 00000000 00000000 00000000
ffff8e1eae7fc800 1792011567 S Zi:1:009:1 -115:1:1184 1 -18:0:96 96 <
ffff8e1d89d75300 1792012564 C Zi:1:009:1 0:1:1185:0 1 0:0:0 96 = 00000000 00000000 00000000 00000000 00000000 00000000 00000000 00000000
ffff8e1d89d75300 1792012567 S Zi:1:009:1 -115:1:1185 1 -18:0:96 96 <
ffff8e1e33926c00 1792013565 C Zi:1:009:1 0:1:1186:0 1 0:0:0 96 = 00000000 00000000 00000000 00000000 00000000 00000000 00000000 00000000
ffff8e1e33926c00 1792013567 S Zi:1:009:1 -115:1:1186 1 -18:0:96 96 <
ffff8e1da3310400 1792014565 C Zi:1:009:1 0:1:1187:0 1 0:0:0 96 = 00000000 00000000 00000000 00000000 00000000 00000000 00000000 00000000
ffff8e1da3310400 1792014567 S Zi:1:009:1 -115:1:1187 1 -18:0:96 96 <
ffff8e1e52a78f00 1792015565 C Zi:1:009:1 0:1:1188:0 1 0:0:0 96 = 00000000 00000000 00000000 00000000 00000000 00000000 00000000 00000000
ffff8e1e52a78f00 1792015567 S Zi:1:009:1 -115:1:1188 1 -18:0:96 96 <
ffff8e1de4290f00 1792016568 C Zi:1:009:1 0:1:1189:0 1 0:0:0 96 = 00000000 00000000 00000000 00000000 00000000 00000000 00000000 00000000
ffff8e1de4290f00 1792016573 S Zi:1:009:1 -115:1:1189 1 -18:0:96 96 <
ffff8e1de4709f00 1792017567 C Zi:1:009:1 0:1:1190:0 1 0:0:0 96 = 00000000 00000000 00000000 00000000 00000000 00000000 00000000 00000000
ffff8e1de4709f00 1792017571 S Zi:1:009:1 -115:1:1190 1 -18:0:96 96 <
ffff8e1da3310000 1792018566 C Zi:1:009:1 0:1:1191:0 1 0:0:0 96 = 00000000 00000000 00000000 00000000 00000000 00000000 00000000 00000000
ffff8e1da3310000 1792018570 S Zi:1:009:1 -115:1:1191 1 -18:0:96 96 <
ffff8e1e834d6800 1792019566 C Zi:1:009:1 0:1:1192:0 1 0:0:0 96 = 00000000 00000000 00000000 00000000 00000000 00000000 00000000 00000000
ffff8e1e834d6800 1792019569 S Zi:1:009:1 -115:1:1192 1 -18:0:96 96 <
ffff8e1e90868b00 1792020565 C Zi:1:009:1 0:1:1193:0 1 0:0:0 96 = 00000000 00000000 00000000 00000000 00000000 00000000 00000000 00000000
ffff8e1e90868b00 1792020568 S Zi:1:009:1 -115:1:1193 1 -18:0:96 96 <
ffff8e1e90868c00 1792021565 C Zi:1:009:1 0:1:1194:0 1 0:0:0 96 = 00000000 00000000 00000000 00000000 00000000 00000000 00000000 00000000
ffff8e1e90868c00 1792021568 S Zi:1:009:1 -115:1:1194 1 -18:0:96 96 <
ffff8e1d9c914d00 1792022566 C Zi:1:009:1 0:1:1195:0 1 0:0:0 96 = 00000000 00000000 00000000 00000000 00000000 00000000 00000000 00000000
ffff8e1d9c914d00 1792022568 S Zi:1:009:1 -115:1:1195 1 -18:0:96 96 <
ffff8e1eae7fc800 1792023566 C Zi:1:009:1 0:1:1196:0 1 0:0:0 96 = 00000000 00000000 00000000 00000000 00000000 00000000 00000000 00000000
ffff8e1eae7fc800 1792023568 S Zi:1:009:1 -115:1:1196 1 -18:0:96 96 <
ffff8e1d89d75300 1792024566 C Zi:1:009:1 0:1:1197:0 1 0:0:0 96 = 00000000 00000000 00000000 00000000 00000000 00000000 00000000 00000000
ffff8e1d89d75300 1792024568 S Zi:1:009:1 -115:1:1197 1 -18:0:96 96 <
ffff8e1e33926c00 1792025566 C Zi:1:009:1 0:1:1198:0 1 0:0:0 96 = 00000000 00000000 00000000 00000000 00000000 00000000 00000000 00000000
ffff8e1e33926c00 1792025568 S Zi:1:009:1 -115:1:1198 1 -18:0:96 96 <
ffff8e1da3310400 1792026566 C Zi:1:009:1 0:1:1199:0 1 0:0:0 96 = 00000000 00000000 00000000 00000000 00000000 00000000 00000000 00000000
ffff8e1da3310400 1792026569 S Zi:1:009:1 -115:1:1199 1 -18:0:96 96 <
ffff8e1e52a78f00 1792027566 C Zi:1:009:1 0:1:1200:0 1 0:0:0 96 = 00000000 00000000 00000000 00000000 00000000 00000000 00000000 00000000
ffff8e1e52a78f00 1792027568 S Zi:1:009:1 -115:1:1200 1 -18:0:96 96 <
ffff8e1de4290f00 1792028567 C Zi:1:009:1 0:1:1201:0 1 0:0:0 96 = 00000000 00000000 00000000 00000000 00000000 00000000 00000000 00000000
ffff8e1de4290f00 1792028571 S Zi:1:009:1 -115:1:1201 1 -18:0:96 96 <
ffff8e1de4709f00 1792029567 C Zi:1:009:1 0:1:1202:0 1 0:0:0 96 = 00000000 00000000 00000000 00000000 00000000 00000000 00000000 00000000
ffff8e1de4709f00 1792029570 S Zi:1:009:1 -115:1:1202 1 -18:0:96 96 <
ffff8e1da3310000 1792030566 C Zi:1:009:1 0:1:1203:0 1 0:0:0 96 = 00000000 00000000 00000000 00000000 00000000 00000000 00000000 00000000
ffff8e1da3310000 1792030569 S Zi:1:009:1 -115:1:1203 1 -18:0:96 96 <
ffff8e1e834d6800 1792031566 C Zi:1:009:1 0:1:1204:0 1 0:0:0 96 = 00000000 00000000 00000000 00000000 00000000 00000000 00000000 00000000
ffff8e1e834d6800 1792031568 S Zi:1:009:1 -115:1:1204 1 -18:0:96 96 <
ffff8e1e90868b00 1792032566 C Zi:1:009:1 0:1:1205:0 1 0:0:0 96 = 00000000 00000000 00000000 00000000 00000000 00000000 00000000 00000000
ffff8e1e90868b00 1792032569 S Zi:1:009:1 -115:1:1205 1 -18:0:96 96 <
ffff8e1e90868c00 1792033568 C Zi:1:009:1 0:1:1206:0 1 0:0:0 96 = 00000000 00000000 00000000 00000000 00000000 00000000 00000000 00000000
ffff8e1e90868c00 1792033571 S Zi:1:009:1 -115:1:1206 1 -18:0:96 96 <
ffff8e1d9c914d00 1792034567 C Zi:1:009:1 0:1:1207:0 1 0:0:0 96 = 00000000 00000000 00000000 00000000 00000000 00000000 00000000 00000000
ffff8e1d9c914d00 1792034570 S Zi:1:009:1 -115:1:1207 1 -18:0:96 96 <
ffff8e1eae7fc800 1792035567 C Zi:1:009:1 0:1:1208:0 1 0:0:0 96 = 00000000 00000000 00000000 00000000 00000000 00000000 00000000 00000000
ffff8e1eae7fc800 1792035569 S Zi:1:009:1 -115:1:1208 1 -18:0:96 96 <
ffff8e1d89d75300 1792036567 C Zi:1:009:1 0:1:1209:0 1 0:0:0 96 = 00000000 00000000 00000000 00000000 00000000 00000000 00000000 00000000
ffff8e1d89d75300 1792036569 S Zi:1:009:1 -115:1:1209 1 -18:0:96 96 <
ffff8e1e33926c00 1792037567 C Zi:1:009:1 0:1:1210:0 1 0:0:0 96 = 00000000 00000000 00000000 00000000 00000000 00000000 00000000 00000000
ffff8e1e33926c00 1792037569 S Zi:1:009:1 -115:1:1210 1 -18:0:96 96 <
ffff8e1da3310400 1792038567 C Zi:1:009:1 0:1:1211:0 1 0:0:0 96 = 00000000 00000000 00000000 00000000 00000000 00000000 00000000 00000000
ffff8e1da3310400 1792038569 S Zi:1:009:1 -115:1:1211 1 -18:0:96 96 <
ffff8e1e834d6800 1792039273 C Zi:1:009:1 -104:1:1216:0 1 -18:0:0 96 = 00000000 00000000 00000000 00000000 00000000 00000000 00000000 00000000
ffff8e1e90868b00 1792039275 C Zi:1:009:1 -104:1:1217:0 1 -18:0:0 96 = 00000000 00000000 00000000 00000000 00000000 00000000 00000000 00000000
ffff8e1e90868c00 1792039275 C Zi:1:009:1 -104:1:1218:0 1 -18:0:0 96 = 00000000 00000000 00000000 00000000 00000000 00000000 00000000 00000000
ffff8e1d9c914d00 1792039276 C Zi:1:009:1 -104:1:1219:0 1 -18:0:0 96 = 00000000 00000000 00000000 00000000 00000000 00000000 00000000 00000000
ffff8e1eae7fc800 1792039276 C Zi:1:009:1 -104:1:1220:0 1 -18:0:0 96 = 00000000 00000000 00000000 00000000 00000000 00000000 00000000 00000000
ffff8e1d89d75300 1792039276 C Zi:1:009:1 -104:1:1221:0 1 -18:0:0 96 = 00000000 00000000 00000000 00000000 00000000 00000000 00000000 00000000
ffff8e1e33926c00 1792039277 C Zi:1:009:1 -104:1:1222:0 1 -18:0:0 96 = 00000000 00000000 00000000 00000000 00000000 00000000 00000000 00000000
ffff8e1da3310400 1792039277 C Zi:1:009:1 -104:1:1223:0 1 -18:0:0 96 = 00000000 00000000 00000000 00000000 00000000 00000000 00000000 00000000
ffff8e1de4290f00 1792039277 C Zi:1:009:1 -104:1:1213:0 1 -18:0:0 96 = 00000000 00000000 00000000 00000000 00000000 00000000 00000000 00000000
ffff8e1de4709f00 1792039277 C Zi:1:009:1 -104:1:1214:0 1 -18:0:0 96 = 00000000 00000000 00000000 00000000 00000000 00000000 00000000 00000000
ffff8e1da3310000 1792039278 C Zi:1:009:1 -104:1:1215:0 1 -18:0:0 96 = 00000000 00000000 00000000 00000000 00000000 00000000 00000000 00000000
ffff8e1e52a78f00 1792039418 C Zi:1:009:1 -104:1:1212:0 1 -18:0:0 96 = 00000000 00000000 00000000 00000000 00000000 00000000 00000000 00000000
ffff8e1e36b64900 1792043018 S Co:1:009:0 s 01 0b 0000 0001 0000 0
ffff8e1e36b64900 1792044576 C Co:1:009:0 0 0
ffff8e1d90725180 1792048180 C Bi:1:003:2 0 48 = 6d696372 6f70686f 6e653a20 494e2077 72697465 20657272 6f72203d 20446973
ffff8e1d90725180 1792048183 S Bi:1:003:2 -115 128 <
ffff8e1d80cafc00 1823371607 C Ii:1:001:1 0:2048 2 = 0800
ffff8e1d80cafc00 1823371626 S Ii:1:001:1 -115:2048 4 <
ffff8e1e36b64900 1823371634 S Ci:1:001:0 s a3 00 0000 0003 0004 4 <
ffff8e1e36b64900 1823371641 C Ci:1:001:0 0 4 = 00010100
ffff8e1e36b64900 1823371644 S Co:1:001:0 s 23 01 0010 0003 0000 0
ffff8e1e36b64900 1823371650 C Co:1:001:0 0 0
ffff8e1e54bc40c0 1823374852 S Ci:1:001:0 s a3 00 0000 0003 0004 4 <
ffff8e1e54bc40c0 1823374861 C Ci:1:001:0 0 4 = 00010000
ffff8e1e54bc40c0 1823400009 S Ci:1:001:0 s a3 00 0000 0003 0004 4 <
ffff8e1e54bc40c0 1823400018 C Ci:1:001:0 0 4 = 00010000
ffff8e1e54bc40c0 1823426012 S Ci:1:001:0 s a3 00 0000 0003 0004 4 <
ffff8e1e54bc40c0 1823426020 C Ci:1:001:0 0 4 = 00010000
ffff8e1e54bc40c0 1823452010 S Ci:1:001:0 s a3 00 0000 0003 0004 4 <
ffff8e1e54bc40c0 1823452018 C Ci:1:001:0 0 4 = 00010000
ffff8e1e54bc40c0 1823479007 S Ci:1:001:0 s a3 00 0000 0003 0004 4 <
ffff8e1e54bc40c0 1823479019 C Ci:1:001:0 0 4 = 00010000
ffff8e1d80cafc00 1823580825 C Ii:1:001:1 0:2048 2 = 0800
ffff8e1d80cafc00 1823580832 S Ii:1:001:1 -115:2048 4 <
ffff8e1e54bc40c0 1823580841 S Ci:1:001:0 s a3 00 0000 0003 0004 4 <
ffff8e1e54bc40c0 1823580848 C Ci:1:001:0 0 4 = 01010100
ffff8e1e54bc40c0 1823580851 S Co:1:001:0 s 23 01 0010 0003 0000 0
ffff8e1e54bc40c0 1823580857 C Co:1:001:0 0 0
ffff8e1e54bc40c0 1823580859 S Ci:1:001:0 s a3 00 0000 0003 0004 4 <
ffff8e1e54bc40c0 1823580863 C Ci:1:001:0 0 4 = 01010000
ffff8e1d907250c0 1823585025 C Bi:1:003:2 0 26 = 4553502d 524f4d3a 65737033 3273332d 32303231 30333237 0d0a
ffff8e1d907250c0 1823585028 S Bi:1:003:2 -115 128 <
ffff8e1d90725b40 1823599052 C Bi:1:003:2 0 128 = 4275696c 643a4d61 72203237 20323032 310d0a72 73743a30 78312028 504f5745
ffff8e1d90725b40 1823599054 S Bi:1:003:2 -115 128 <
ffff8e1d90725900 1823604628 C Bi:1:003:2 0 59 = 38630d0a 6c6f6164 3a307834 30336338 3730302c 6c656e3a 30786432 340d0a6c
ffff8e1d90725900 1823604631 S Bi:1:003:2 -115 128 <
ffff8e1e54bc40c0 1823606009 S Ci:1:001:0 s a3 00 0000 0003 0004 4 <
ffff8e1e54bc40c0 1823606018 C Ci:1:001:0 0 4 = 01010000
ffff8e1d90725f00 1823611020 C Bi:1:003:2 0 18 = 656e7472 79203078 34303363 38393234 0d0a
ffff8e1d90725f00 1823611022 S Bi:1:003:2 -115 128 <
ffff8e1d907259c0 1823622633 C Bi:1:003:2 0 128 = 49202832 39292062 6f6f743a 20455350 2d494446 2076352e 352e312d 3833382d
ffff8e1d907259c0 1823622635 S Bi:1:003:2 -115 128 <
ffff8e1e54bc40c0 1823632011 S Ci:1:001:0 s a3 00 0000 0003 0004 4 <
ffff8e1e54bc40c0 1823632019 C Ci:1:001:0 0 4 = 01010000
ffff8e1d90725a80 1823633634 C Bi:1:003:2 0 128 = 4d756c74 69636f72 6520626f 6f746c6f 61646572 0d0a4920 28333129 20626f6f
ffff8e1d90725a80 1823633638 S Bi:1:003:2 -115 128 <
ffff8e1d90725000 1823644636 C Bi:1:003:2 0 128 = 70656564 203a2034 304d487a 0d0a4920 28343229 20626f6f 742e6573 70333273
ffff8e1d90725000 1823644639 S Bi:1:003:2 -115 128 <
ffff8e1d90725e40 1823656056 C Bi:1:003:2 0 128 = 61726c79 20656e74 726f7079 20736f75 7263652e 2e2e0d0a 49202835 34292062
ffff8e1d90725e40 1823656062 S Bi:1:003:2 -115 128 <
ffff8e1e54bc40c0 1823658014 S Ci:1:001:0 s a3 00 0000 0003 0004 4 <
ffff8e1e54bc40c0 1823658025 C Ci:1:001:0 0 4 = 01010000
ffff8e1d90725840 1823667058 C Bi:1:003:2 0 128 = 49202836 33292062 6f6f743a 20203020 6e767320 20202020 20202020 20202020
ffff8e1d90725840 1823667061 S Bi:1:003:2 -115 128 <
ffff8e1d90725540 1823678058 C Bi:1:003:2 0 128 = 30312030 30303066 30303020 30303030 31303030 0d0a4920 28373629 20626f6f
ffff8e1d90725540 1823678062 S Bi:1:003:2 -115 128 <
ffff8e1e54bc40c0 1823685009 S Ci:1:001:0 s a3 00 0000 0003 0004 4 <
ffff8e1e54bc40c0 1823685016 C Ci:1:001:0 0 4 = 01010000
ffff8e1e54bc40c0 1823685143 S Co:1:001:0 s 23 03 0004 0003 0000 0
ffff8e1e54bc40c0 1823685150 C Co:1:001:0 0 0
ffff8e1d907253c0 1823689058 C Bi:1:003:2 0 128 = 61626c65 0d0a4920 28383629 20657370 5f696d61 67653a20 7365676d 656e7420
ffff8e1d907253c0 1823689061 S Bi:1:003:2 -115 128 <
ffff8e1d8fa1acc0 1823700641 C Bi:1:003:2 0 128 = 30313565 35302076 61646472 3d336663 38613032 30207369 7a653d30 32303630
ffff8e1d8fa1acc0 1823700643 S Bi:1:003:2 -115 128 <
ffff8e1d90725600 1823711641 C Bi:1:003:2 0 128 = 29206c6f 61640d0a 49202831 31302920 6573705f 696d6167 653a2073 65676d65
ffff8e1d90725600 1823711642 S Bi:1:003:2 -115 128 <
ffff8e1d907256c0 1823715632 C Bi:1:003:2 0 49 = 30303230 30323020 76616464 723d3432 30313030 32302073 697a653d 31316562
ffff8e1d907256c0 1823715634 S Bi:1:003:2 -115 128 <
ffff8e1d90725d80 1823733633 C Bi:1:003:2 0 112 = 49202831 34322920 626f6f74 3a204c6f 61646564 20617070 2066726f 6d207061
ffff8e1d90725d80 1823733636 S Bi:1:003:2 -115 128 <
ffff8e1e54bc40c0 1823746008 S Ci:1:001:0 s a3 00 0000 0003 0004 4 <
ffff8e1e54bc40c0 1823746017 C Ci:1:001:0 0 4 = 11010000
ffff8e1d90725180 1823755056 C Bi:1:003:2 0 114 = 6d696372 6f70686f 6e653a20 69327320 72782072 65616479 3a206263 6c6b3d47
ffff8e1d90725180 1823755059 S Bi:1:003:2 -115 128 <
ffff8e1e54bc40c0 1823807012 S Ci:1:001:0 s a3 00 0000 0003 0004 4 <
ffff8e1e54bc40c0 1823807023 C Ci:1:001:0 0 4 = 03011000
ffff8e1e54bc40c0 1823807027 S Co:1:001:0 s 23 01 0014 0003 0000 0
ffff8e1e54bc40c0 1823807032 C Co:1:001:0 0 0
ffff8e1e54bc40c0 1823884767 S Ci:1:000:0 s 80 06 0100 0000 0040 64 <
ffff8e1e54bc40c0 1823887463 C Ci:1:000:0 0 18 = 12011002 ef020140 dec00200 10000102 0301
ffff8e1e54bc40c0 1823887469 S Co:1:001:0 s 23 03 0004 0003 0000 0
ffff8e1e54bc40c0 1823887476 C Co:1:001:0 0 0
ffff8e1e54bc40c0 1823948011 S Ci:1:001:0 s a3 00 0000 0003 0004 4 <
ffff8e1e54bc40c0 1823948021 C Ci:1:001:0 0 4 = 11010000
ffff8e1e54bc40c0 1824009008 S Ci:1:001:0 s a3 00 0000 0003 0004 4 <
ffff8e1e54bc40c0 1824009017 C Ci:1:001:0 0 4 = 03011000
ffff8e1e54bc40c0 1824009021 S Co:1:001:0 s 23 01 0014 0003 0000 0
ffff8e1e54bc40c0 1824009026 C Co:1:001:0 0 0
ffff8e1e54bc40c0 1824098010 S Ci:1:010:0 s 80 06 0100 0000 0012 18 <
ffff8e1e54bc40c0 1824127486 C Ci:1:010:0 0 18 = 12011002 ef020140 dec00200 10000102 0301
ffff8e1e54bc40c0 1824127507 S Ci:1:010:0 s 80 06 0f00 0000 0005 5 <
ffff8e1e54bc40c0 1824131485 C Ci:1:010:0 0 5 = 050f0c00 01
ffff8e1e54bc40c0 1824131493 S Ci:1:010:0 s 80 06 0f00 0000 000c 12 <
ffff8e1e54bc40c0 1824135486 C Ci:1:010:0 0 12 = 050f0c00 01071002 00000000
ffff8e1e54bc40c0 1824135494 S Ci:1:010:0 s 80 06 0600 0000 000a 10 <
ffff8e1e54bc40c0 1824138742 C Ci:1:010:0 -32 0
ffff8e1e54bc40c0 1824138747 S Ci:1:010:0 s 80 06 0600 0000 000a 10 <
ffff8e1e54bc40c0 1824167744 C Ci:1:010:0 -32 0
ffff8e1e54bc40c0 1824167751 S Ci:1:010:0 s 80 06 0600 0000 000a 10 <
ffff8e1e54bc40c0 1824196751 C Ci:1:010:0 -32 0
ffff8e1e54bc40c0 1824196759 S Ci:1:010:0 s 80 06 0200 0000 0009 9 <
ffff8e1e54bc40c0 1824226495 C Ci:1:010:0 0 9 = 09026c00 02010080 32
ffff8e1e54bc40c0 1824226503 S Ci:1:010:0 s 80 06 0200 0000 006c 108 <
ffff8e1e54bc40c0 1824231495 C Ci:1:010:0 0 108 = 09026c00 02010080 32080b00 02010100 00090400 00000101 00000924 0100011e
ffff8e1e54bc40c0 1824231503 S Ci:1:010:0 s 80 06 0300 0000 00ff 255 <
ffff8e1e54bc40c0 1824235494 C Ci:1:010:0 0 4 = 04030904
ffff8e1e54bc40c0 1824235500 S Ci:1:010:0 s 80 06 0302 0409 00ff 255 <
ffff8e1e54bc40c0 1824239494 C Ci:1:010:0 0 46 = 2e035500 41004300 31002000 6d006900 63007200 6f007000 68006f00 6e006500
ffff8e1e54bc40c0 1824239501 S Ci:1:010:0 s 80 06 0301 0409 00ff 255 <
ffff8e1e54bc40c0 1824243495 C Ci:1:010:0 0 22 = 16036400 69006300 6b002000 6d006f00 75007300 6500
ffff8e1e54bc40c0 1824243500 S Ci:1:010:0 s 80 06 0303 0409 00ff 255 <
ffff8e1e54bc40c0 1824247495 C Ci:1:010:0 0 32 = 20036d00 69006300 72006f00 70006800 6f006e00 65002d00 30003000 30003100
ffff8e1e54bc40c0 1824247645 S Co:1:010:0 s 00 09 0001 0000 0000 0
ffff8e1e54bc40c0 1824250496 C Co:1:010:0 0 0
ffff8e1ecd89e600 1824250590 S Co:1:010:0 s 01 0b 0000 0001 0000 0
ffff8e1ecd89e600 1824253496 C Co:1:010:0 0 0
ffff8e1ecd89e600 1824255826 S Co:1:010:0 s 01 0b 0001 0001 0000 0
ffff8e1ecd89e600 1824257496 C Co:1:010:0 0 0
ffff8e1ecd89e600 1824259491 S Co:1:010:0 s 01 0b 0000 0001 0000 0
ffff8e1ecd89e600 1824261496 C Co:1:010:0 0 0
ffff8e1d907250c0 1824265101 C Bi:1:003:2 0 48 = 6d696372 6f70686f 6e653a20 494e2077 72697465 20657272 6f72203d 20446973
ffff8e1d907250c0 1824265106 S Bi:1:003:2 -115 128 <
ffff8e1dedc3c0c0 1824298555 S Co:1:010:0 s 01 0b 0001 0001 0000 0
ffff8e1dedc3c0c0 1824300502 C Co:1:010:0 0 0
ffff8e1dedc3c0c0 1824303576 S Co:1:010:0 s 01 0b 0000 0001 0000 0
ffff8e1dedc3c0c0 1824305500 C Co:1:010:0 0 0
ffff8e1dedc3c0c0 1824308749 S Co:1:010:0 s 01 0b 0001 0001 0000 0
ffff8e1d90725b40 1824309105 C Bi:1:003:2 0 48 = 6d696372 6f70686f 6e653a20 494e2077 72697465 20657272 6f72203d 20446973
ffff8e1d90725b40 1824309108 S Bi:1:003:2 -115 128 <
ffff8e1dedc3c0c0 1824310500 C Co:1:010:0 0 0
ffff8e1dedc3c0c0 1824312576 S Co:1:010:0 s 01 0b 0000 0001 0000 0
ffff8e1dedc3c0c0 1824314501 C Co:1:010:0 0 0
ffff8e1d90725900 1824318106 C Bi:1:003:2 0 48 = 6d696372 6f70686f 6e653a20 494e2077 72697465 20657272 6f72203d 20446973
ffff8e1d90725900 1824318109 S Bi:1:003:2 -115 128 <
ffff8e1eae771000 1835060505 S Co:1:010:0 s 01 0b 0001 0001 0000 0
ffff8e1eae771000 1835062477 C Co:1:010:0 0 0
ffff8e1e3e81e800 1835062641 S Zi:1:010:1 -115:1:0 1 -18:0:96 96 <
ffff8e1eae7fd600 1835062646 S Zi:1:010:1 -115:1:0 1 -18:0:96 96 <
ffff8e1df2fa5400 1835062649 S Zi:1:010:1 -115:1:0 1 -18:0:96 96 <
ffff8e1df2fa4400 1835062651 S Zi:1:010:1 -115:1:0 1 -18:0:96 96 <
ffff8e1df2fa5000 1835062654 S Zi:1:010:1 -115:1:0 1 -18:0:96 96 <
ffff8e1df2fa4000 1835062656 S Zi:1:010:1 -115:1:0 1 -18:0:96 96 <
ffff8e1eae7fdd00 1835062659 S Zi:1:010:1 -115:1:0 1 -18:0:96 96 <
ffff8e1eae7fcb00 1835062662 S Zi:1:010:1 -115:1:0 1 -18:0:96 96 <
ffff8e1eae7fce00 1835062664 S Zi:1:010:1 -115:1:0 1 -18:0:96 96 <
ffff8e1eae7fd300 1835062667 S Zi:1:010:1 -115:1:0 1 -18:0:96 96 <
ffff8e1eae7fc900 1835062669 S Zi:1:010:1 -115:1:0 1 -18:0:96 96 <
ffff8e1eae7fd800 1835062672 S Zi:1:010:1 -115:1:0 1 -18:0:96 96 <
ffff8e1e3e81e800 1835066469 C Zi:1:010:1 0:1:1227:0 1 0:0:0 96 = 00000000 00000000 00000000 00000000 00000000 00000000 00000000 00000000
ffff8e1e3e81e800 1835066473 S Zi:1:010:1 -115:1:1227 1 -18:0:96 96 <
ffff8e1eae7fd600 1835067469 C Zi:1:010:1 0:1:1228:0 1 0:0:0 96 = 00000000 00000000 00000000 00000000 00000000 00000000 00000000 00000000
ffff8e1eae7fd600 1835067472 S Zi:1:010:1 -115:1:1228 1 -18:0:96 96 <
ffff8e1df2fa5400 1835068468 C Zi:1:010:1 0:1:1229:0 1 0:0:0 96 = 00000000 00000000 00000000 00000000 00000000 00000000 00000000 00000000
ffff8e1df2fa5400 1835068470 S Zi:1:010:1 -115:1:1229 1 -18:0:96 96 <
ffff8e1df2fa4400 1835069469 C Zi:1:010:1 0:1:1230:0 1 0:0:0 96 = 00000000 00000000 00000000 00000000 00000000 00000000 00000000 00000000
ffff8e1df2fa4400 1835069472 S Zi:1:010:1 -115:1:1230 1 -18:0:96 96 <
ffff8e1df2fa5000 1835070469 C Zi:1:010:1 0:1:1231:0 1 0:0:0 96 = 00000000 00000000 00000000 00000000 00000000 00000000 00000000 00000000
ffff8e1df2fa5000 1835070472 S Zi:1:010:1 -115:1:1231 1 -18:0:96 96 <
ffff8e1df2fa4000 1835071468 C Zi:1:010:1 0:1:1232:0 1 0:0:0 96 = 00000000 00000000 00000000 00000000 00000000 00000000 00000000 00000000
ffff8e1df2fa4000 1835071471 S Zi:1:010:1 -115:1:1232 1 -18:0:96 96 <
ffff8e1eae7fdd00 1835072468 C Zi:1:010:1 0:1:1233:0 1 0:0:0 96 = 00000000 00000000 00000000 00000000 00000000 00000000 00000000 00000000
ffff8e1eae7fdd00 1835072471 S Zi:1:010:1 -115:1:1233 1 -18:0:96 96 <
ffff8e1eae7fcb00 1835073468 C Zi:1:010:1 0:1:1234:0 1 0:0:0 96 = 00000000 00000000 00000000 00000000 00000000 00000000 00000000 00000000
ffff8e1eae7fcb00 1835073471 S Zi:1:010:1 -115:1:1234 1 -18:0:96 96 <
ffff8e1eae7fce00 1835074468 C Zi:1:010:1 0:1:1235:0 1 0:0:0 96 = 00000000 00000000 00000000 00000000 00000000 00000000 00000000 00000000
ffff8e1eae7fce00 1835074471 S Zi:1:010:1 -115:1:1235 1 -18:0:96 96 <
ffff8e1eae7fd300 1835075469 C Zi:1:010:1 0:1:1236:0 1 0:0:0 96 = 00000000 00000000 00000000 00000000 00000000 00000000 00000000 00000000
ffff8e1eae7fd300 1835075471 S Zi:1:010:1 -115:1:1236 1 -18:0:96 96 <
ffff8e1eae7fc900 1835076469 C Zi:1:010:1 0:1:1237:0 1 0:0:0 96 = 00000000 00000000 00000000 00000000 00000000 00000000 00000000 00000000
ffff8e1eae7fc900 1835076471 S Zi:1:010:1 -115:1:1237 1 -18:0:96 96 <
ffff8e1eae7fd800 1835077469 C Zi:1:010:1 0:1:1238:0 1 0:0:0 96 = 00000000 00000000 00000000 00000000 00000000 00000000 00000000 00000000
ffff8e1eae7fd800 1835077472 S Zi:1:010:1 -115:1:1238 1 -18:0:96 96 <
ffff8e1e3e81e800 1835078469 C Zi:1:010:1 0:1:1239:0 1 0:0:0 96 = 00000000 00000000 00000000 00000000 00000000 00000000 00000000 00000000
ffff8e1e3e81e800 1835078471 S Zi:1:010:1 -115:1:1239 1 -18:0:96 96 <
ffff8e1eae7fd600 1835079470 C Zi:1:010:1 0:1:1240:0 1 0:0:0 96 = 00000000 00000000 00000000 00000000 00000000 00000000 00000000 00000000
ffff8e1eae7fd600 1835079473 S Zi:1:010:1 -115:1:1240 1 -18:0:96 96 <
ffff8e1df2fa5400 1835080470 C Zi:1:010:1 0:1:1241:0 1 0:0:0 96 = 00000000 00000000 00000000 00000000 00000000 00000000 00000000 00000000
ffff8e1df2fa5400 1835080473 S Zi:1:010:1 -115:1:1241 1 -18:0:96 96 <
ffff8e1df2fa4400 1835081469 C Zi:1:010:1 0:1:1242:0 1 0:0:0 96 = 00000000 00000000 00000000 00000000 00000000 00000000 00000000 00000000
ffff8e1df2fa4400 1835081472 S Zi:1:010:1 -115:1:1242 1 -18:0:96 96 <
ffff8e1df2fa5000 1835082469 C Zi:1:010:1 0:1:1243:0 1 0:0:0 96 = 00000000 00000000 00000000 00000000 00000000 00000000 00000000 00000000
ffff8e1df2fa5000 1835082471 S Zi:1:010:1 -115:1:1243 1 -18:0:96 96 <
ffff8e1df2fa4000 1835083471 C Zi:1:010:1 0:1:1244:0 1 0:0:0 96 = 00000000 00000000 00000000 00000000 00000000 00000000 00000000 00000000
ffff8e1df2fa4000 1835083474 S Zi:1:010:1 -115:1:1244 1 -18:0:96 96 <
ffff8e1eae7fdd00 1835084469 C Zi:1:010:1 0:1:1245:0 1 0:0:0 96 = 00000000 00000000 00000000 00000000 00000000 00000000 00000000 00000000
ffff8e1eae7fdd00 1835084472 S Zi:1:010:1 -115:1:1245 1 -18:0:96 96 <
ffff8e1eae7fcb00 1835085469 C Zi:1:010:1 0:1:1246:0 1 0:0:0 96 = 00000000 00000000 00000000 00000000 00000000 00000000 00000000 00000000
ffff8e1eae7fcb00 1835085472 S Zi:1:010:1 -115:1:1246 1 -18:0:96 96 <
ffff8e1eae7fce00 1835086469 C Zi:1:010:1 0:1:1247:0 1 0:0:0 96 = 00000000 00000000 00000000 00000000 00000000 00000000 00000000 00000000
ffff8e1eae7fce00 1835086472 S Zi:1:010:1 -115:1:1247 1 -18:0:96 96 <
ffff8e1eae7fd300 1835087469 C Zi:1:010:1 0:1:1248:0 1 0:0:0 96 = 00000000 00000000 00000000 00000000 00000000 00000000 00000000 00000000
ffff8e1eae7fd300 1835087472 S Zi:1:010:1 -115:1:1248 1 -18:0:96 96 <
ffff8e1eae7fc900 1835088469 C Zi:1:010:1 0:1:1249:0 1 0:0:0 96 = 00000000 00000000 00000000 00000000 00000000 00000000 00000000 00000000
ffff8e1eae7fc900 1835088472 S Zi:1:010:1 -115:1:1249 1 -18:0:96 96 <
ffff8e1eae7fd800 1835089470 C Zi:1:010:1 0:1:1250:0 1 0:0:0 96 = 00000000 00000000 00000000 00000000 00000000 00000000 00000000 00000000
ffff8e1eae7fd800 1835089474 S Zi:1:010:1 -115:1:1250 1 -18:0:96 96 <
ffff8e1e3e81e800 1835090471 C Zi:1:010:1 0:1:1251:0 1 0:0:0 96 = 00000000 00000000 00000000 00000000 00000000 00000000 00000000 00000000
ffff8e1e3e81e800 1835090474 S Zi:1:010:1 -115:1:1251 1 -18:0:96 96 <
ffff8e1eae7fd600 1835091470 C Zi:1:010:1 0:1:1252:0 1 0:0:0 96 = 00000000 00000000 00000000 00000000 00000000 00000000 00000000 00000000
ffff8e1eae7fd600 1835091473 S Zi:1:010:1 -115:1:1252 1 -18:0:96 96 <
ffff8e1df2fa5400 1835092470 C Zi:1:010:1 0:1:1253:0 1 0:0:0 96 = 00000000 00000000 00000000 00000000 00000000 00000000 00000000 00000000
ffff8e1df2fa5400 1835092473 S Zi:1:010:1 -115:1:1253 1 -18:0:96 96 <
ffff8e1df2fa4400 1835093636 C Zi:1:010:1 0:1:1254:0 1 0:0:0 96 = 00000000 00000000 00000000 00000000 00000000 00000000 00000000 00000000
ffff8e1df2fa4400 1835093638 S Zi:1:010:1 -115:1:1254 1 -18:0:96 96 <
ffff8e1df2fa5000 1835094470 C Zi:1:010:1 0:1:1255:0 1 0:0:0 96 = 00000000 00000000 00000000 00000000 00000000 00000000 00000000 00000000
ffff8e1df2fa5000 1835094473 S Zi:1:010:1 -115:1:1255 1 -18:0:96 96 <
ffff8e1df2fa4000 1835095471 C Zi:1:010:1 0:1:1256:0 1 0:0:0 96 = 00000000 00000000 00000000 00000000 00000000 00000000 00000000 00000000
ffff8e1df2fa4000 1835095474 S Zi:1:010:1 -115:1:1256 1 -18:0:96 96 <
ffff8e1eae7fdd00 1835096470 C Zi:1:010:1 0:1:1257:0 1 0:0:0 96 = 00000000 00000000 00000000 00000000 00000000 00000000 00000000 00000000
ffff8e1eae7fdd00 1835096472 S Zi:1:010:1 -115:1:1257 1 -18:0:96 96 <
ffff8e1eae7fcb00 1835097470 C Zi:1:010:1 0:1:1258:0 1 0:0:0 96 = 00000000 00000000 00000000 00000000 00000000 00000000 00000000 00000000
ffff8e1eae7fcb00 1835097473 S Zi:1:010:1 -115:1:1258 1 -18:0:96 96 <
ffff8e1eae7fce00 1835098470 C Zi:1:010:1 0:1:1259:0 1 0:0:0 96 = 00000000 00000000 00000000 00000000 00000000 00000000 00000000 00000000
ffff8e1eae7fce00 1835098473 S Zi:1:010:1 -115:1:1259 1 -18:0:96 96 <
ffff8e1eae7fd300 1835099472 C Zi:1:010:1 0:1:1260:0 1 0:0:0 96 = 00000000 00000000 00000000 00000000 00000000 00000000 00000000 00000000
ffff8e1eae7fd300 1835099475 S Zi:1:010:1 -115:1:1260 1 -18:0:96 96 <
ffff8e1eae7fc900 1835100470 C Zi:1:010:1 0:1:1261:0 1 0:0:0 96 = 00000000 00000000 00000000 00000000 00000000 00000000 00000000 00000000
ffff8e1eae7fc900 1835100473 S Zi:1:010:1 -115:1:1261 1 -18:0:96 96 <
ffff8e1eae7fd800 1835101471 C Zi:1:010:1 0:1:1262:0 1 0:0:0 96 = 00000000 00000000 00000000 00000000 00000000 00000000 00000000 00000000
ffff8e1eae7fd800 1835101473 S Zi:1:010:1 -115:1:1262 1 -18:0:96 96 <
ffff8e1e3e81e800 1835102472 C Zi:1:010:1 0:1:1263:0 1 0:0:0 96 = 00000000 00000000 00000000 00000000 00000000 00000000 00000000 00000000
ffff8e1e3e81e800 1835102474 S Zi:1:010:1 -115:1:1263 1 -18:0:96 96 <
ffff8e1eae7fd600 1835103471 C Zi:1:010:1 0:1:1264:0 1 0:0:0 96 = 00000000 00000000 00000000 00000000 00000000 00000000 00000000 00000000
ffff8e1eae7fd600 1835103473 S Zi:1:010:1 -115:1:1264 1 -18:0:96 96 <
ffff8e1df2fa5400 1835104472 C Zi:1:010:1 0:1:1265:0 1 0:0:0 96 = 00000000 00000000 00000000 00000000 00000000 00000000 00000000 00000000
ffff8e1df2fa5400 1835104476 S Zi:1:010:1 -115:1:1265 1 -18:0:96 96 <
ffff8e1df2fa4400 1835105472 C Zi:1:010:1 0:1:1266:0 1 0:0:0 96 = 00000000 00000000 00000000 00000000 00000000 00000000 00000000 00000000
ffff8e1df2fa4400 1835105476 S Zi:1:010:1 -115:1:1266 1 -18:0:96 96 <
ffff8e1df2fa5000 1835106471 C Zi:1:010:1 0:1:1267:0 1 0:0:0 96 = 00000000 00000000 00000000 00000000 00000000 00000000 00000000 00000000
ffff8e1df2fa5000 1835106474 S Zi:1:010:1 -115:1:1267 1 -18:0:96 96 <
ffff8e1df2fa4000 1835107471 C Zi:1:010:1 0:1:1268:0 1 0:0:0 96 = 00000000 00000000 00000000 00000000 00000000 00000000 00000000 00000000
ffff8e1df2fa4000 1835107474 S Zi:1:010:1 -115:1:1268 1 -18:0:96 96 <
ffff8e1eae7fdd00 1835108471 C Zi:1:010:1 0:1:1269:0 1 0:0:0 96 = 00000000 00000000 00000000 00000000 00000000 00000000 00000000 00000000
ffff8e1eae7fdd00 1835108474 S Zi:1:010:1 -115:1:1269 1 -18:0:96 96 <
ffff8e1eae7fcb00 1835109473 C Zi:1:010:1 0:1:1270:0 1 0:0:0 96 = 00000000 00000000 00000000 00000000 00000000 00000000 00000000 00000000
ffff8e1eae7fcb00 1835109476 S Zi:1:010:1 -115:1:1270 1 -18:0:96 96 <
ffff8e1eae7fce00 1835110472 C Zi:1:010:1 0:1:1271:0 1 0:0:0 96 = 00000000 00000000 00000000 00000000 00000000 00000000 00000000 00000000
ffff8e1eae7fce00 1835110476 S Zi:1:010:1 -115:1:1271 1 -18:0:96 96 <
ffff8e1eae7fd300 1835111472 C Zi:1:010:1 0:1:1272:0 1 0:0:0 96 = 00000000 00000000 00000000 00000000 00000000 00000000 00000000 00000000
ffff8e1eae7fd300 1835111474 S Zi:1:010:1 -115:1:1272 1 -18:0:96 96 <
ffff8e1eae7fc900 1835112472 C Zi:1:010:1 0:1:1273:0 1 0:0:0 96 = 00000000 00000000 00000000 00000000 00000000 00000000 00000000 00000000
ffff8e1eae7fc900 1835112474 S Zi:1:010:1 -115:1:1273 1 -18:0:96 96 <
ffff8e1eae7fd800 1835113472 C Zi:1:010:1 0:1:1274:0 1 0:0:0 96 = 00000000 00000000 00000000 00000000 00000000 00000000 00000000 00000000
ffff8e1eae7fd800 1835113474 S Zi:1:010:1 -115:1:1274 1 -18:0:96 96 <
ffff8e1e3e81e800 1835114474 C Zi:1:010:1 0:1:1275:0 1 0:0:0 96 = 00000000 00000000 00000000 00000000 00000000 00000000 00000000 00000000
ffff8e1e3e81e800 1835114477 S Zi:1:010:1 -115:1:1275 1 -18:0:96 96 <
ffff8e1eae7fd600 1835115473 C Zi:1:010:1 0:1:1276:0 1 0:0:0 96 = 00000000 00000000 00000000 00000000 00000000 00000000 00000000 00000000
ffff8e1eae7fd600 1835115475 S Zi:1:010:1 -115:1:1276 1 -18:0:96 96 <
ffff8e1df2fa5400 1835116473 C Zi:1:010:1 0:1:1277:0 1 0:0:0 96 = 00000000 00000000 00000000 00000000 00000000 00000000 00000000 00000000
ffff8e1df2fa5400 1835116475 S Zi:1:010:1 -115:1:1277 1 -18:0:96 96 <
ffff8e1df2fa4400 1835117472 C Zi:1:010:1 0:1:1278:0 1 0:0:0 96 = 00000000 00000000 00000000 00000000 00000000 00000000 00000000 00000000
ffff8e1df2fa4400 1835117474 S Zi:1:010:1 -115:1:1278 1 -18:0:96 96 <
ffff8e1df2fa5000 1835118472 C Zi:1:010:1 0:1:1279:0 1 0:0:0 96 = 00000000 00000000 00000000 00000000 00000000 00000000 00000000 00000000
ffff8e1df2fa5000 1835118474 S Zi:1:010:1 -115:1:1279 1 -18:0:96 96 <
ffff8e1df2fa4000 1835119473 C Zi:1:010:1 0:1:1280:0 1 0:0:0 96 = 00000000 00000000 00000000 00000000 00000000 00000000 00000000 00000000
ffff8e1df2fa4000 1835119475 S Zi:1:010:1 -115:1:1280 1 -18:0:96 96 <
ffff8e1eae7fdd00 1835120473 C Zi:1:010:1 0:1:1281:0 1 0:0:0 96 = 00000000 00000000 00000000 00000000 00000000 00000000 00000000 00000000
ffff8e1eae7fdd00 1835120475 S Zi:1:010:1 -115:1:1281 1 -18:0:96 96 <
ffff8e1eae7fcb00 1835121474 C Zi:1:010:1 0:1:1282:0 1 0:0:0 96 = 00000000 00000000 00000000 00000000 00000000 00000000 00000000 00000000
ffff8e1eae7fcb00 1835121476 S Zi:1:010:1 -115:1:1282 1 -18:0:96 96 <
ffff8e1eae7fce00 1835122473 C Zi:1:010:1 0:1:1283:0 1 0:0:0 96 = 00000000 00000000 00000000 00000000 00000000 00000000 00000000 00000000
ffff8e1eae7fce00 1835122474 S Zi:1:010:1 -115:1:1283 1 -18:0:96 96 <
ffff8e1eae7fd300 1835123473 C Zi:1:010:1 0:1:1284:0 1 0:0:0 96 = 00000000 00000000 00000000 00000000 00000000 00000000 00000000 00000000
ffff8e1eae7fd300 1835123474 S Zi:1:010:1 -115:1:1284 1 -18:0:96 96 <
ffff8e1eae7fc900 1835124473 C Zi:1:010:1 0:1:1285:0 1 0:0:0 96 = 00000000 00000000 00000000 00000000 00000000 00000000 00000000 00000000
ffff8e1eae7fc900 1835124474 S Zi:1:010:1 -115:1:1285 1 -18:0:96 96 <
ffff8e1eae7fd800 1835125473 C Zi:1:010:1 0:1:1286:0 1 0:0:0 96 = 00000000 00000000 00000000 00000000 00000000 00000000 00000000 00000000
ffff8e1eae7fd800 1835125474 S Zi:1:010:1 -115:1:1286 1 -18:0:96 96 <
ffff8e1e3e81e800 1835126473 C Zi:1:010:1 0:1:1287:0 1 0:0:0 96 = 00000000 00000000 00000000 00000000 00000000 00000000 00000000 00000000
ffff8e1e3e81e800 1835126475 S Zi:1:010:1 -115:1:1287 1 -18:0:96 96 <
ffff8e1eae7fd600 1835127473 C Zi:1:010:1 0:1:1288:0 1 0:0:0 96 = 00000000 00000000 00000000 00000000 00000000 00000000 00000000 00000000
ffff8e1eae7fd600 1835127475 S Zi:1:010:1 -115:1:1288 1 -18:0:96 96 <
ffff8e1df2fa5400 1835128473 C Zi:1:010:1 0:1:1289:0 1 0:0:0 96 = 00000000 00000000 00000000 00000000 00000000 00000000 00000000 00000000
ffff8e1df2fa5400 1835128475 S Zi:1:010:1 -115:1:1289 1 -18:0:96 96 <
ffff8e1df2fa4400 1835129474 C Zi:1:010:1 0:1:1290:0 1 0:0:0 96 = 00000000 00000000 00000000 00000000 00000000 00000000 00000000 00000000
ffff8e1df2fa4400 1835129476 S Zi:1:010:1 -115:1:1290 1 -18:0:96 96 <
ffff8e1df2fa5000 1835130473 C Zi:1:010:1 0:1:1291:0 1 0:0:0 96 = 00000000 00000000 00000000 00000000 00000000 00000000 00000000 00000000
ffff8e1df2fa5000 1835130475 S Zi:1:010:1 -115:1:1291 1 -18:0:96 96 <
ffff8e1df2fa4000 1835131475 C Zi:1:010:1 0:1:1292:0 1 0:0:0 96 = 00000000 00000000 00000000 00000000 00000000 00000000 00000000 00000000
ffff8e1df2fa4000 1835131477 S Zi:1:010:1 -115:1:1292 1 -18:0:96 96 <
ffff8e1eae7fdd00 1835132476 C Zi:1:010:1 0:1:1293:0 1 0:0:0 96 = 00000000 00000000 00000000 00000000 00000000 00000000 00000000 00000000
ffff8e1eae7fdd00 1835132478 S Zi:1:010:1 -115:1:1293 1 -18:0:96 96 <
ffff8e1eae7fcb00 1835133474 C Zi:1:010:1 0:1:1294:0 1 0:0:0 96 = 00000000 00000000 00000000 00000000 00000000 00000000 00000000 00000000
ffff8e1eae7fcb00 1835133475 S Zi:1:010:1 -115:1:1294 1 -18:0:96 96 <
ffff8e1eae7fce00 1835134474 C Zi:1:010:1 0:1:1295:0 1 0:0:0 96 = 00000000 00000000 00000000 00000000 00000000 00000000 00000000 00000000
ffff8e1eae7fce00 1835134475 S Zi:1:010:1 -115:1:1295 1 -18:0:96 96 <
ffff8e1eae7fd300 1835135474 C Zi:1:010:1 0:1:1296:0 1 0:0:0 96 = 00000000 00000000 00000000 00000000 00000000 00000000 00000000 00000000
ffff8e1eae7fd300 1835135475 S Zi:1:010:1 -115:1:1296 1 -18:0:96 96 <
ffff8e1eae7fc900 1835136474 C Zi:1:010:1 0:1:1297:0 1 0:0:0 96 = 00000000 00000000 00000000 00000000 00000000 00000000 00000000 00000000
ffff8e1eae7fc900 1835136475 S Zi:1:010:1 -115:1:1297 1 -18:0:96 96 <
ffff8e1eae7fd800 1835137475 C Zi:1:010:1 0:1:1298:0 1 0:0:0 96 = 00000000 00000000 00000000 00000000 00000000 00000000 00000000 00000000
ffff8e1eae7fd800 1835137477 S Zi:1:010:1 -115:1:1298 1 -18:0:96 96 <
ffff8e1e3e81e800 1835138474 C Zi:1:010:1 0:1:1299:0 1 0:0:0 96 = 00000000 00000000 00000000 00000000 00000000 00000000 00000000 00000000
ffff8e1e3e81e800 1835138476 S Zi:1:010:1 -115:1:1299 1 -18:0:96 96 <
ffff8e1eae7fd600 1835139475 C Zi:1:010:1 0:1:1300:0 1 0:0:0 96 = 00000000 00000000 00000000 00000000 00000000 00000000 00000000 00000000
ffff8e1eae7fd600 1835139477 S Zi:1:010:1 -115:1:1300 1 -18:0:96 96 <
ffff8e1df2fa5400 1835140474 C Zi:1:010:1 0:1:1301:0 1 0:0:0 96 = 00000000 00000000 00000000 00000000 00000000 00000000 00000000 00000000
ffff8e1df2fa5400 1835140476 S Zi:1:010:1 -115:1:1301 1 -18:0:96 96 <
ffff8e1df2fa4400 1835141476 C Zi:1:010:1 0:1:1302:0 1 0:0:0 96 = 00000000 00000000 00000000 00000000 00000000 00000000 00000000 00000000
ffff8e1df2fa4400 1835141478 S Zi:1:010:1 -115:1:1302 1 -18:0:96 96 <
ffff8e1df2fa5000 1835142475 C Zi:1:010:1 0:1:1303:0 1 0:0:0 96 = 00000000 00000000 00000000 00000000 00000000 00000000 00000000 00000000
ffff8e1df2fa5000 1835142476 S Zi:1:010:1 -115:1:1303 1 -18:0:96 96 <
ffff8e1df2fa4000 1835143474 C Zi:1:010:1 0:1:1304:0 1 0:0:0 96 = 00000000 00000000 00000000 00000000 00000000 00000000 00000000 00000000
ffff8e1df2fa4000 1835143476 S Zi:1:010:1 -115:1:1304 1 -18:0:96 96 <
ffff8e1eae7fdd00 1835144474 C Zi:1:010:1 0:1:1305:0 1 0:0:0 96 = 00000000 00000000 00000000 00000000 00000000 00000000 00000000 00000000
ffff8e1eae7fdd00 1835144476 S Zi:1:010:1 -115:1:1305 1 -18:0:96 96 <
ffff8e1eae7fcb00 1835145476 C Zi:1:010:1 0:1:1306:0 1 0:0:0 96 = 00000000 00000000 00000000 00000000 00000000 00000000 00000000 00000000
ffff8e1eae7fcb00 1835145478 S Zi:1:010:1 -115:1:1306 1 -18:0:96 96 <
ffff8e1eae7fce00 1835146475 C Zi:1:010:1 0:1:1307:0 1 0:0:0 96 = 00000000 00000000 00000000 00000000 00000000 00000000 00000000 00000000
ffff8e1eae7fce00 1835146477 S Zi:1:010:1 -115:1:1307 1 -18:0:96 96 <
ffff8e1eae7fd300 1835147475 C Zi:1:010:1 0:1:1308:0 1 0:0:0 96 = 00000000 00000000 00000000 00000000 00000000 00000000 00000000 00000000
ffff8e1eae7fd300 1835147476 S Zi:1:010:1 -115:1:1308 1 -18:0:96 96 <
ffff8e1eae7fc900 1835148476 C Zi:1:010:1 0:1:1309:0 1 0:0:0 96 = 00000000 00000000 00000000 00000000 00000000 00000000 00000000 00000000
ffff8e1eae7fc900 1835148480 S Zi:1:010:1 -115:1:1309 1 -18:0:96 96 <
ffff8e1eae7fd800 1835149476 C Zi:1:010:1 0:1:1310:0 1 0:0:0 96 = 00000000 00000000 00000000 00000000 00000000 00000000 00000000 00000000
ffff8e1eae7fd800 1835149478 S Zi:1:010:1 -115:1:1310 1 -18:0:96 96 <
ffff8e1e3e81e800 1835150475 C Zi:1:010:1 0:1:1311:0 1 0:0:0 96 = 00000000 00000000 00000000 00000000 00000000 00000000 00000000 00000000
ffff8e1e3e81e800 1835150476 S Zi:1:010:1 -115:1:1311 1 -18:0:96 96 <
ffff8e1eae7fd600 1835151476 C Zi:1:010:1 0:1:1312:0 1 0:0:0 96 = 00000000 00000000 00000000 00000000 00000000 00000000 00000000 00000000
ffff8e1eae7fd600 1835151479 S Zi:1:010:1 -115:1:1312 1 -18:0:96 96 <
ffff8e1df2fa5400 1835152476 C Zi:1:010:1 0:1:1313:0 1 0:0:0 96 = 00000000 00000000 00000000 00000000 00000000 00000000 00000000 00000000
ffff8e1df2fa5400 1835152477 S Zi:1:010:1 -115:1:1313 1 -18:0:96 96 <
ffff8e1df2fa4400 1835153476 C Zi:1:010:1 0:1:1314:0 1 0:0:0 96 = 00000000 00000000 00000000 00000000 00000000 00000000 00000000 00000000
ffff8e1df2fa4400 1835153477 S Zi:1:010:1 -115:1:1314 1 -18:0:96 96 <
ffff8e1df2fa5000 1835154476 C Zi:1:010:1 0:1:1315:0 1 0:0:0 96 = 00000000 00000000 00000000 00000000 00000000 00000000 00000000 00000000
ffff8e1df2fa5000 1835154477 S Zi:1:010:1 -115:1:1315 1 -18:0:96 96 <
ffff8e1df2fa4000 1835155476 C Zi:1:010:1 0:1:1316:0 1 0:0:0 96 = 00000000 00000000 00000000 00000000 00000000 00000000 00000000 00000000
ffff8e1df2fa4000 1835155477 S Zi:1:010:1 -115:1:1316 1 -18:0:96 96 <
ffff8e1eae7fdd00 1835156476 C Zi:1:010:1 0:1:1317:0 1 0:0:0 96 = 00000000 00000000 00000000 00000000 00000000 00000000 00000000 00000000
ffff8e1eae7fdd00 1835156477 S Zi:1:010:1 -115:1:1317 1 -18:0:96 96 <
ffff8e1eae7fcb00 1835157476 C Zi:1:010:1 0:1:1318:0 1 0:0:0 96 = 00000000 00000000 00000000 00000000 00000000 00000000 00000000 00000000
ffff8e1eae7fcb00 1835157477 S Zi:1:010:1 -115:1:1318 1 -18:0:96 96 <
ffff8e1eae7fce00 1835158476 C Zi:1:010:1 0:1:1319:0 1 0:0:0 96 = 00000000 00000000 00000000 00000000 00000000 00000000 00000000 00000000
ffff8e1eae7fce00 1835158478 S Zi:1:010:1 -115:1:1319 1 -18:0:96 96 <
ffff8e1eae7fd300 1835159476 C Zi:1:010:1 0:1:1320:0 1 0:0:0 96 = 00000000 00000000 00000000 00000000 00000000 00000000 00000000 00000000
ffff8e1eae7fd300 1835159478 S Zi:1:010:1 -115:1:1320 1 -18:0:96 96 <
ffff8e1eae7fc900 1835160476 C Zi:1:010:1 0:1:1321:0 1 0:0:0 96 = 00000000 00000000 00000000 00000000 00000000 00000000 00000000 00000000
ffff8e1eae7fc900 1835160478 S Zi:1:010:1 -115:1:1321 1 -18:0:96 96 <
ffff8e1eae7fd800 1835161477 C Zi:1:010:1 0:1:1322:0 1 0:0:0 96 = 00000000 00000000 00000000 00000000 00000000 00000000 00000000 00000000
ffff8e1eae7fd800 1835161480 S Zi:1:010:1 -115:1:1322 1 -18:0:96 96 <
ffff8e1e3e81e800 1835162479 C Zi:1:010:1 0:1:1323:0 1 0:0:0 96 = 00000000 00000000 00000000 00000000 00000000 00000000 00000000 00000000
ffff8e1e3e81e800 1835162485 S Zi:1:010:1 -115:1:1323 1 -18:0:96 96 <
ffff8e1eae7fd600 1835163478 C Zi:1:010:1 0:1:1324:0 1 0:0:0 96 = 00000000 00000000 00000000 00000000 00000000 00000000 00000000 00000000
ffff8e1eae7fd600 1835163482 S Zi:1:010:1 -115:1:1324 1 -18:0:96 96 <
ffff8e1df2fa5400 1835164477 C Zi:1:010:1 0:1:1325:0 1 0:0:0 96 = 00000000 00000000 00000000 00000000 00000000 00000000 00000000 00000000
ffff8e1df2fa5400 1835164480 S Zi:1:010:1 -115:1:1325 1 -18:0:96 96 <
ffff8e1df2fa4400 1835165478 C Zi:1:010:1 0:1:1326:0 1 0:0:0 96 = 00000000 00000000 00000000 00000000 00000000 00000000 00000000 00000000
ffff8e1df2fa4400 1835165480 S Zi:1:010:1 -115:1:1326 1 -18:0:96 96 <
ffff8e1df2fa5000 1835166476 C Zi:1:010:1 0:1:1327:0 1 0:0:0 96 = 00000000 00000000 00000000 00000000 00000000 00000000 00000000 00000000
ffff8e1df2fa5000 1835166478 S Zi:1:010:1 -115:1:1327 1 -18:0:96 96 <
ffff8e1df2fa4000 1835167477 C Zi:1:010:1 0:1:1328:0 1 0:0:0 96 = 00000000 00000000 00000000 00000000 00000000 00000000 00000000 00000000
ffff8e1df2fa4000 1835167478 S Zi:1:010:1 -115:1:1328 1 -18:0:96 96 <
ffff8e1eae7fdd00 1835168477 C Zi:1:010:1 0:1:1329:0 1 0:0:0 96 = 00000000 00000000 00000000 00000000 00000000 00000000 00000000 00000000
ffff8e1eae7fdd00 1835168478 S Zi:1:010:1 -115:1:1329 1 -18:0:96 96 <
ffff8e1eae7fcb00 1835169477 C Zi:1:010:1 0:1:1330:0 1 0:0:0 96 = 00000000 00000000 00000000 00000000 00000000 00000000 00000000 00000000
ffff8e1eae7fcb00 1835169478 S Zi:1:010:1 -115:1:1330 1 -18:0:96 96 <
ffff8e1eae7fce00 1835170477 C Zi:1:010:1 0:1:1331:0 1 0:0:0 96 = 00000000 00000000 00000000 00000000 00000000 00000000 00000000 00000000
ffff8e1eae7fce00 1835170478 S Zi:1:010:1 -115:1:1331 1 -18:0:96 96 <
ffff8e1eae7fd300 1835171477 C Zi:1:010:1 0:1:1332:0 1 0:0:0 96 = 00000000 00000000 00000000 00000000 00000000 00000000 00000000 00000000
ffff8e1eae7fd300 1835171479 S Zi:1:010:1 -115:1:1332 1 -18:0:96 96 <
ffff8e1eae7fc900 1835172477 C Zi:1:010:1 0:1:1333:0 1 0:0:0 96 = 00000000 00000000 00000000 00000000 00000000 00000000 00000000 00000000
ffff8e1eae7fc900 1835172479 S Zi:1:010:1 -115:1:1333 1 -18:0:96 96 <
ffff8e1eae7fd800 1835173477 C Zi:1:010:1 0:1:1334:0 1 0:0:0 96 = 00000000 00000000 00000000 00000000 00000000 00000000 00000000 00000000
ffff8e1eae7fd800 1835173481 S Zi:1:010:1 -115:1:1334 1 -18:0:96 96 <
ffff8e1e3e81e800 1835174478 C Zi:1:010:1 0:1:1335:0 1 0:0:0 96 = 00000000 00000000 00000000 00000000 00000000 00000000 00000000 00000000
ffff8e1e3e81e800 1835174482 S Zi:1:010:1 -115:1:1335 1 -18:0:96 96 <
ffff8e1eae7fd600 1835175478 C Zi:1:010:1 0:1:1336:0 1 0:0:0 96 = 00000000 00000000 00000000 00000000 00000000 00000000 00000000 00000000
ffff8e1eae7fd600 1835175480 S Zi:1:010:1 -115:1:1336 1 -18:0:96 96 <
ffff8e1df2fa5400 1835176478 C Zi:1:010:1 0:1:1337:0 1 0:0:0 96 = 00000000 00000000 00000000 00000000 00000000 00000000 00000000 00000000
ffff8e1df2fa5400 1835176480 S Zi:1:010:1 -115:1:1337 1 -18:0:96 96 <
ffff8e1df2fa4400 1835177478 C Zi:1:010:1 0:1:1338:0 1 0:0:0 96 = 00000000 00000000 00000000 00000000 00000000 00000000 00000000 00000000
ffff8e1df2fa4400 1835177480 S Zi:1:010:1 -115:1:1338 1 -18:0:96 96 <
ffff8e1df2fa5000 1835178478 C Zi:1:010:1 0:1:1339:0 1 0:0:0 96 = 00000000 00000000 00000000 00000000 00000000 00000000 00000000 00000000
ffff8e1df2fa5000 1835178480 S Zi:1:010:1 -115:1:1339 1 -18:0:96 96 <
ffff8e1df2fa4000 1835179478 C Zi:1:010:1 0:1:1340:0 1 0:0:0 96 = 00000000 00000000 00000000 00000000 00000000 00000000 00000000 00000000
ffff8e1df2fa4000 1835179480 S Zi:1:010:1 -115:1:1340 1 -18:0:96 96 <
ffff8e1eae7fdd00 1835180478 C Zi:1:010:1 0:1:1341:0 1 0:0:0 96 = 00000000 00000000 00000000 00000000 00000000 00000000 00000000 00000000
ffff8e1eae7fdd00 1835180480 S Zi:1:010:1 -115:1:1341 1 -18:0:96 96 <
ffff8e1eae7fcb00 1835181478 C Zi:1:010:1 0:1:1342:0 1 0:0:0 96 = 00000000 00000000 00000000 00000000 00000000 00000000 00000000 00000000
ffff8e1eae7fcb00 1835181480 S Zi:1:010:1 -115:1:1342 1 -18:0:96 96 <
ffff8e1eae7fce00 1835182478 C Zi:1:010:1 0:1:1343:0 1 0:0:0 96 = 00000000 00000000 00000000 00000000 00000000 00000000 00000000 00000000
ffff8e1eae7fce00 1835182480 S Zi:1:010:1 -115:1:1343 1 -18:0:96 96 <
ffff8e1eae7fd300 1835183478 C Zi:1:010:1 0:1:1344:0 1 0:0:0 96 = 00000000 00000000 00000000 00000000 00000000 00000000 00000000 00000000
ffff8e1eae7fd300 1835183480 S Zi:1:010:1 -115:1:1344 1 -18:0:96 96 <
ffff8e1eae7fc900 1835184478 C Zi:1:010:1 0:1:1345:0 1 0:0:0 96 = 00000000 00000000 00000000 00000000 00000000 00000000 00000000 00000000
ffff8e1eae7fc900 1835184481 S Zi:1:010:1 -115:1:1345 1 -18:0:96 96 <
ffff8e1eae7fd800 1835185478 C Zi:1:010:1 0:1:1346:0 1 0:0:0 96 = 00000000 00000000 00000000 00000000 00000000 00000000 00000000 00000000
ffff8e1eae7fd800 1835185481 S Zi:1:010:1 -115:1:1346 1 -18:0:96 96 <
ffff8e1e3e81e800 1835186478 C Zi:1:010:1 0:1:1347:0 1 0:0:0 96 = 00000000 00000000 00000000 00000000 00000000 00000000 00000000 00000000
ffff8e1e3e81e800 1835186481 S Zi:1:010:1 -115:1:1347 1 -18:0:96 96 <
ffff8e1eae7fd600 1835187479 C Zi:1:010:1 0:1:1348:0 1 0:0:0 96 = 00000000 00000000 00000000 00000000 00000000 00000000 00000000 00000000
ffff8e1eae7fd600 1835187481 S Zi:1:010:1 -115:1:1348 1 -18:0:96 96 <
ffff8e1df2fa5400 1835188479 C Zi:1:010:1 0:1:1349:0 1 0:0:0 96 = 00000000 00000000 00000000 00000000 00000000 00000000 00000000 00000000
ffff8e1df2fa5400 1835188481 S Zi:1:010:1 -115:1:1349 1 -18:0:96 96 <
ffff8e1df2fa4400 1835189479 C Zi:1:010:1 0:1:1350:0 1 0:0:0 96 = 00000000 00000000 00000000 00000000 00000000 00000000 00000000 00000000
ffff8e1df2fa4400 1835189481 S Zi:1:010:1 -115:1:1350 1 -18:0:96 96 <
ffff8e1df2fa5000 1835190479 C Zi:1:010:1 0:1:1351:0 1 0:0:0 96 = 00000000 00000000 00000000 00000000 00000000 00000000 00000000 00000000
ffff8e1df2fa5000 1835190481 S Zi:1:010:1 -115:1:1351 1 -18:0:96 96 <
ffff8e1df2fa4000 1835191479 C Zi:1:010:1 0:1:1352:0 1 0:0:0 96 = 00000000 00000000 00000000 00000000 00000000 00000000 00000000 00000000
ffff8e1df2fa4000 1835191482 S Zi:1:010:1 -115:1:1352 1 -18:0:96 96 <
ffff8e1eae7fdd00 1835192479 C Zi:1:010:1 0:1:1353:0 1 0:0:0 96 = 00000000 00000000 00000000 00000000 00000000 00000000 00000000 00000000
ffff8e1eae7fdd00 1835192482 S Zi:1:010:1 -115:1:1353 1 -18:0:96 96 <
ffff8e1eae7fcb00 1835193479 C Zi:1:010:1 0:1:1354:0 1 0:0:0 96 = 00000000 00000000 00000000 00000000 00000000 00000000 00000000 00000000
ffff8e1eae7fcb00 1835193482 S Zi:1:010:1 -115:1:1354 1 -18:0:96 96 <
ffff8e1eae7fce00 1835194479 C Zi:1:010:1 0:1:1355:0 1 0:0:0 96 = 00000000 00000000 00000000 00000000 00000000 00000000 00000000 00000000
ffff8e1eae7fce00 1835194482 S Zi:1:010:1 -115:1:1355 1 -18:0:96 96 <
ffff8e1eae7fd300 1835195479 C Zi:1:010:1 0:1:1356:0 1 0:0:0 96 = 00000000 00000000 00000000 00000000 00000000 00000000 00000000 00000000
ffff8e1eae7fd300 1835195482 S Zi:1:010:1 -115:1:1356 1 -18:0:96 96 <
ffff8e1eae7fc900 1835196479 C Zi:1:010:1 0:1:1357:0 1 0:0:0 96 = 00000000 00000000 00000000 00000000 00000000 00000000 00000000 00000000
ffff8e1eae7fc900 1835196482 S Zi:1:010:1 -115:1:1357 1 -18:0:96 96 <
ffff8e1eae7fd800 1835197479 C Zi:1:010:1 0:1:1358:0 1 0:0:0 96 = 00000000 00000000 00000000 00000000 00000000 00000000 00000000 00000000
ffff8e1eae7fd800 1835197482 S Zi:1:010:1 -115:1:1358 1 -18:0:96 96 <
ffff8e1e3e81e800 1835198480 C Zi:1:010:1 0:1:1359:0 1 0:0:0 96 = 00000000 00000000 00000000 00000000 00000000 00000000 00000000 00000000
ffff8e1e3e81e800 1835198482 S Zi:1:010:1 -115:1:1359 1 -18:0:96 96 <
ffff8e1eae7fd600 1835199480 C Zi:1:010:1 0:1:1360:0 1 0:0:0 96 = 00000000 00000000 00000000 00000000 00000000 00000000 00000000 00000000
ffff8e1eae7fd600 1835199482 S Zi:1:010:1 -115:1:1360 1 -18:0:96 96 <
ffff8e1df2fa5400 1835200480 C Zi:1:010:1 0:1:1361:0 1 0:0:0 96 = 00000000 00000000 00000000 00000000 00000000 00000000 00000000 00000000
ffff8e1df2fa5400 1835200482 S Zi:1:010:1 -115:1:1361 1 -18:0:96 96 <
ffff8e1df2fa4400 1835201480 C Zi:1:010:1 0:1:1362:0 1 0:0:0 96 = 00000000 00000000 00000000 00000000 00000000 00000000 00000000 00000000
ffff8e1df2fa4400 1835201482 S Zi:1:010:1 -115:1:1362 1 -18:0:96 96 <
ffff8e1df2fa5000 1835202480 C Zi:1:010:1 0:1:1363:0 1 0:0:0 96 = 00000000 00000000 00000000 00000000 00000000 00000000 00000000 00000000
ffff8e1df2fa5000 1835202482 S Zi:1:010:1 -115:1:1363 1 -18:0:96 96 <
ffff8e1df2fa4000 1835203480 C Zi:1:010:1 0:1:1364:0 1 0:0:0 96 = 00000000 00000000 00000000 00000000 00000000 00000000 00000000 00000000
ffff8e1df2fa4000 1835203482 S Zi:1:010:1 -115:1:1364 1 -18:0:96 96 <
ffff8e1eae7fdd00 1835204480 C Zi:1:010:1 0:1:1365:0 1 0:0:0 96 = 00000000 00000000 00000000 00000000 00000000 00000000 00000000 00000000
ffff8e1eae7fdd00 1835204482 S Zi:1:010:1 -115:1:1365 1 -18:0:96 96 <
ffff8e1eae7fcb00 1835205482 C Zi:1:010:1 0:1:1366:0 1 0:0:0 96 = 00000000 00000000 00000000 00000000 00000000 00000000 00000000 00000000
ffff8e1eae7fcb00 1835205485 S Zi:1:010:1 -115:1:1366 1 -18:0:96 96 <
ffff8e1eae7fce00 1835206481 C Zi:1:010:1 0:1:1367:0 1 0:0:0 96 = 00000000 00000000 00000000 00000000 00000000 00000000 00000000 00000000
ffff8e1eae7fce00 1835206485 S Zi:1:010:1 -115:1:1367 1 -18:0:96 96 <
ffff8e1eae7fd300 1835207480 C Zi:1:010:1 0:1:1368:0 1 0:0:0 96 = 00000000 00000000 00000000 00000000 00000000 00000000 00000000 00000000
ffff8e1eae7fd300 1835207483 S Zi:1:010:1 -115:1:1368 1 -18:0:96 96 <
ffff8e1eae7fc900 1835208481 C Zi:1:010:1 0:1:1369:0 1 0:0:0 96 = 00000000 00000000 00000000 00000000 00000000 00000000 00000000 00000000
ffff8e1eae7fc900 1835208483 S Zi:1:010:1 -115:1:1369 1 -18:0:96 96 <
ffff8e1eae7fd800 1835209481 C Zi:1:010:1 0:1:1370:0 1 0:0:0 96 = 00000000 00000000 00000000 00000000 00000000 00000000 00000000 00000000
ffff8e1eae7fd800 1835209483 S Zi:1:010:1 -115:1:1370 1 -18:0:96 96 <
ffff8e1e3e81e800 1835210481 C Zi:1:010:1 0:1:1371:0 1 0:0:0 96 = 00000000 00000000 00000000 00000000 00000000 00000000 00000000 00000000
ffff8e1e3e81e800 1835210483 S Zi:1:010:1 -115:1:1371 1 -18:0:96 96 <
ffff8e1eae7fd600 1835211481 C Zi:1:010:1 0:1:1372:0 1 0:0:0 96 = 00000000 00000000 00000000 00000000 00000000 00000000 00000000 00000000
ffff8e1eae7fd600 1835211483 S Zi:1:010:1 -115:1:1372 1 -18:0:96 96 <
ffff8e1df2fa5400 1835212481 C Zi:1:010:1 0:1:1373:0 1 0:0:0 96 = 00000000 00000000 00000000 00000000 00000000 00000000 00000000 00000000
ffff8e1df2fa5400 1835212483 S Zi:1:010:1 -115:1:1373 1 -18:0:96 96 <
ffff8e1df2fa4400 1835213481 C Zi:1:010:1 0:1:1374:0 1 0:0:0 96 = 00000000 00000000 00000000 00000000 00000000 00000000 00000000 00000000
ffff8e1df2fa4400 1835213485 S Zi:1:010:1 -115:1:1374 1 -18:0:96 96 <
ffff8e1df2fa5000 1835214483 C Zi:1:010:1 0:1:1375:0 1 0:0:0 96 = 00000000 00000000 00000000 00000000 00000000 00000000 00000000 00000000
ffff8e1df2fa5000 1835214486 S Zi:1:010:1 -115:1:1375 1 -18:0:96 96 <
ffff8e1df2fa4000 1835215482 C Zi:1:010:1 0:1:1376:0 1 0:0:0 96 = 00000000 00000000 00000000 00000000 00000000 00000000 00000000 00000000
ffff8e1df2fa4000 1835215484 S Zi:1:010:1 -115:1:1376 1 -18:0:96 96 <
ffff8e1eae7fdd00 1835216481 C Zi:1:010:1 0:1:1377:0 1 0:0:0 96 = 00000000 00000000 00000000 00000000 00000000 00000000 00000000 00000000
ffff8e1eae7fdd00 1835216482 S Zi:1:010:1 -115:1:1377 1 -18:0:96 96 <
ffff8e1eae7fcb00 1835217481 C Zi:1:010:1 0:1:1378:0 1 0:0:0 96 = 00000000 00000000 00000000 00000000 00000000 00000000 00000000 00000000
ffff8e1eae7fcb00 1835217483 S Zi:1:010:1 -115:1:1378 1 -18:0:96 96 <
ffff8e1eae7fce00 1835218481 C Zi:1:010:1 0:1:1379:0 1 0:0:0 96 = 00000000 00000000 00000000 00000000 00000000 00000000 00000000 00000000
ffff8e1eae7fce00 1835218483 S Zi:1:010:1 -115:1:1379 1 -18:0:96 96 <
ffff8e1eae7fd300 1835219481 C Zi:1:010:1 0:1:1380:0 1 0:0:0 96 = 00000000 00000000 00000000 00000000 00000000 00000000 00000000 00000000
ffff8e1eae7fd300 1835219483 S Zi:1:010:1 -115:1:1380 1 -18:0:96 96 <
ffff8e1eae7fc900 1835220482 C Zi:1:010:1 0:1:1381:0 1 0:0:0 96 = 00000000 00000000 00000000 00000000 00000000 00000000 00000000 00000000
ffff8e1eae7fc900 1835220483 S Zi:1:010:1 -115:1:1381 1 -18:0:96 96 <
ffff8e1eae7fd800 1835221482 C Zi:1:010:1 0:1:1382:0 1 0:0:0 96 = 00000000 00000000 00000000 00000000 00000000 00000000 00000000 00000000
ffff8e1eae7fd800 1835221483 S Zi:1:010:1 -115:1:1382 1 -18:0:96 96 <
ffff8e1e3e81e800 1835222481 C Zi:1:010:1 0:1:1383:0 1 0:0:0 96 = 00000000 00000000 00000000 00000000 00000000 00000000 00000000 00000000
ffff8e1e3e81e800 1835222483 S Zi:1:010:1 -115:1:1383 1 -18:0:96 96 <
ffff8e1eae7fd600 1835223482 C Zi:1:010:1 0:1:1384:0 1 0:0:0 96 = 00000000 00000000 00000000 00000000 00000000 00000000 00000000 00000000
ffff8e1eae7fd600 1835223485 S Zi:1:010:1 -115:1:1384 1 -18:0:96 96 <
ffff8e1df2fa5400 1835224483 C Zi:1:010:1 0:1:1385:0 1 0:0:0 96 = 00000000 00000000 00000000 00000000 00000000 00000000 00000000 00000000
ffff8e1df2fa5400 1835224486 S Zi:1:010:1 -115:1:1385 1 -18:0:96 96 <
ffff8e1df2fa4400 1835225482 C Zi:1:010:1 0:1:1386:0 1 0:0:0 96 = 00000000 00000000 00000000 00000000 00000000 00000000 00000000 00000000
ffff8e1df2fa4400 1835225485 S Zi:1:010:1 -115:1:1386 1 -18:0:96 96 <
ffff8e1df2fa5000 1835226482 C Zi:1:010:1 0:1:1387:0 1 0:0:0 96 = 00000000 00000000 00000000 00000000 00000000 00000000 00000000 00000000
ffff8e1df2fa5000 1835226485 S Zi:1:010:1 -115:1:1387 1 -18:0:96 96 <
ffff8e1df2fa4000 1835227482 C Zi:1:010:1 0:1:1388:0 1 0:0:0 96 = 00000000 00000000 00000000 00000000 00000000 00000000 00000000 00000000
ffff8e1df2fa4000 1835227485 S Zi:1:010:1 -115:1:1388 1 -18:0:96 96 <
ffff8e1eae7fdd00 1835228483 C Zi:1:010:1 0:1:1389:0 1 0:0:0 96 = 00000000 00000000 00000000 00000000 00000000 00000000 00000000 00000000
ffff8e1eae7fdd00 1835228486 S Zi:1:010:1 -115:1:1389 1 -18:0:96 96 <
ffff8e1eae7fcb00 1835229482 C Zi:1:010:1 0:1:1390:0 1 0:0:0 96 = 00000000 00000000 00000000 00000000 00000000 00000000 00000000 00000000
ffff8e1eae7fcb00 1835229485 S Zi:1:010:1 -115:1:1390 1 -18:0:96 96 <
ffff8e1eae7fce00 1835230483 C Zi:1:010:1 0:1:1391:0 1 0:0:0 96 = 00000000 00000000 00000000 00000000 00000000 00000000 00000000 00000000
ffff8e1eae7fce00 1835230486 S Zi:1:010:1 -115:1:1391 1 -18:0:96 96 <
ffff8e1eae7fd300 1835231484 C Zi:1:010:1 0:1:1392:0 1 0:0:0 96 = 00000000 00000000 00000000 00000000 00000000 00000000 00000000 00000000
ffff8e1eae7fd300 1835231487 S Zi:1:010:1 -115:1:1392 1 -18:0:96 96 <
ffff8e1eae7fc900 1835232483 C Zi:1:010:1 0:1:1393:0 1 0:0:0 96 = 00000000 00000000 00000000 00000000 00000000 00000000 00000000 00000000
ffff8e1eae7fc900 1835232485 S Zi:1:010:1 -115:1:1393 1 -18:0:96 96 <
ffff8e1eae7fd800 1835233483 C Zi:1:010:1 0:1:1394:0 1 0:0:0 96 = 00000000 00000000 00000000 00000000 00000000 00000000 00000000 00000000
ffff8e1eae7fd800 1835233485 S Zi:1:010:1 -115:1:1394 1 -18:0:96 96 <
ffff8e1e3e81e800 1835234483 C Zi:1:010:1 0:1:1395:0 1 0:0:0 96 = 00000000 00000000 00000000 00000000 00000000 00000000 00000000 00000000
ffff8e1e3e81e800 1835234484 S Zi:1:010:1 -115:1:1395 1 -18:0:96 96 <
ffff8e1eae7fd600 1835235483 C Zi:1:010:1 0:1:1396:0 1 0:0:0 96 = 00000000 00000000 00000000 00000000 00000000 00000000 00000000 00000000
ffff8e1eae7fd600 1835235484 S Zi:1:010:1 -115:1:1396 1 -18:0:96 96 <
ffff8e1df2fa5400 1835236484 C Zi:1:010:1 0:1:1397:0 1 0:0:0 96 = 00000000 00000000 00000000 00000000 00000000 00000000 00000000 00000000
ffff8e1df2fa5400 1835236485 S Zi:1:010:1 -115:1:1397 1 -18:0:96 96 <
ffff8e1df2fa4400 1835237483 C Zi:1:010:1 0:1:1398:0 1 0:0:0 96 = 00000000 00000000 00000000 00000000 00000000 00000000 00000000 00000000
ffff8e1df2fa4400 1835237484 S Zi:1:010:1 -115:1:1398 1 -18:0:96 96 <
ffff8e1df2fa5000 1835238483 C Zi:1:010:1 0:1:1399:0 1 0:0:0 96 = 00000000 00000000 00000000 00000000 00000000 00000000 00000000 00000000
ffff8e1df2fa5000 1835238485 S Zi:1:010:1 -115:1:1399 1 -18:0:96 96 <
ffff8e1df2fa4000 1835239483 C Zi:1:010:1 0:1:1400:0 1 0:0:0 96 = 00000000 00000000 00000000 00000000 00000000 00000000 00000000 00000000
ffff8e1df2fa4000 1835239485 S Zi:1:010:1 -115:1:1400 1 -18:0:96 96 <
ffff8e1eae7fdd00 1835240483 C Zi:1:010:1 0:1:1401:0 1 0:0:0 96 = 00000000 00000000 00000000 00000000 00000000 00000000 00000000 00000000
ffff8e1eae7fdd00 1835240485 S Zi:1:010:1 -115:1:1401 1 -18:0:96 96 <
ffff8e1eae7fcb00 1835241484 C Zi:1:010:1 0:1:1402:0 1 0:0:0 96 = 00000000 00000000 00000000 00000000 00000000 00000000 00000000 00000000
ffff8e1eae7fcb00 1835241485 S Zi:1:010:1 -115:1:1402 1 -18:0:96 96 <
ffff8e1eae7fce00 1835242484 C Zi:1:010:1 0:1:1403:0 1 0:0:0 96 = 00000000 00000000 00000000 00000000 00000000 00000000 00000000 00000000
ffff8e1eae7fce00 1835242486 S Zi:1:010:1 -115:1:1403 1 -18:0:96 96 <
ffff8e1eae7fd300 1835243484 C Zi:1:010:1 0:1:1404:0 1 0:0:0 96 = 00000000 00000000 00000000 00000000 00000000 00000000 00000000 00000000
ffff8e1eae7fd300 1835243485 S Zi:1:010:1 -115:1:1404 1 -18:0:96 96 <
ffff8e1eae7fc900 1835244485 C Zi:1:010:1 0:1:1405:0 1 0:0:0 96 = 00000000 00000000 00000000 00000000 00000000 00000000 00000000 00000000
ffff8e1eae7fc900 1835244487 S Zi:1:010:1 -115:1:1405 1 -18:0:96 96 <
ffff8e1eae7fd800 1835245484 C Zi:1:010:1 0:1:1406:0 1 0:0:0 96 = 00000000 00000000 00000000 00000000 00000000 00000000 00000000 00000000
ffff8e1eae7fd800 1835245486 S Zi:1:010:1 -115:1:1406 1 -18:0:96 96 <
ffff8e1e3e81e800 1835246484 C Zi:1:010:1 0:1:1407:0 1 0:0:0 96 = 00000000 00000000 00000000 00000000 00000000 00000000 00000000 00000000
ffff8e1e3e81e800 1835246485 S Zi:1:010:1 -115:1:1407 1 -18:0:96 96 <
ffff8e1eae7fd600 1835247484 C Zi:1:010:1 0:1:1408:0 1 0:0:0 96 = 00000000 00000000 00000000 00000000 00000000 00000000 00000000 00000000
ffff8e1eae7fd600 1835247485 S Zi:1:010:1 -115:1:1408 1 -18:0:96 96 <
ffff8e1df2fa5400 1835248486 C Zi:1:010:1 0:1:1409:0 1 0:0:0 96 = 00000000 00000000 00000000 00000000 00000000 00000000 00000000 00000000
ffff8e1df2fa5400 1835248488 S Zi:1:010:1 -115:1:1409 1 -18:0:96 96 <
ffff8e1df2fa4400 1835249485 C Zi:1:010:1 0:1:1410:0 1 0:0:0 96 = 00000000 00000000 00000000 00000000 00000000 00000000 00000000 00000000
ffff8e1df2fa4400 1835249487 S Zi:1:010:1 -115:1:1410 1 -18:0:96 96 <
ffff8e1df2fa5000 1835250484 C Zi:1:010:1 0:1:1411:0 1 0:0:0 96 = 00000000 00000000 00000000 00000000 00000000 00000000 00000000 00000000
ffff8e1df2fa5000 1835250486 S Zi:1:010:1 -115:1:1411 1 -18:0:96 96 <
ffff8e1df2fa4000 1835251484 C Zi:1:010:1 0:1:1412:0 1 0:0:0 96 = 00000000 00000000 00000000 00000000 00000000 00000000 00000000 00000000
ffff8e1df2fa4000 1835251486 S Zi:1:010:1 -115:1:1412 1 -18:0:96 96 <
ffff8e1eae7fdd00 1835252485 C Zi:1:010:1 0:1:1413:0 1 0:0:0 96 = 00000000 00000000 00000000 00000000 00000000 00000000 00000000 00000000
ffff8e1eae7fdd00 1835252486 S Zi:1:010:1 -115:1:1413 1 -18:0:96 96 <
ffff8e1eae7fcb00 1835253485 C Zi:1:010:1 0:1:1414:0 1 0:0:0 96 = 00000000 00000000 00000000 00000000 00000000 00000000 00000000 00000000
ffff8e1eae7fcb00 1835253488 S Zi:1:010:1 -115:1:1414 1 -18:0:96 96 <
ffff8e1eae7fce00 1835254485 C Zi:1:010:1 0:1:1415:0 1 0:0:0 96 = 00000000 00000000 00000000 00000000 00000000 00000000 00000000 00000000
ffff8e1eae7fce00 1835254486 S Zi:1:010:1 -115:1:1415 1 -18:0:96 96 <
ffff8e1eae7fd300 1835255485 C Zi:1:010:1 0:1:1416:0 1 0:0:0 96 = 00000000 00000000 00000000 00000000 00000000 00000000 00000000 00000000
ffff8e1eae7fd300 1835255486 S Zi:1:010:1 -115:1:1416 1 -18:0:96 96 <
ffff8e1eae7fc900 1835256485 C Zi:1:010:1 0:1:1417:0 1 0:0:0 96 = 00000000 00000000 00000000 00000000 00000000 00000000 00000000 00000000
ffff8e1eae7fc900 1835256487 S Zi:1:010:1 -115:1:1417 1 -18:0:96 96 <
ffff8e1eae7fd800 1835257486 C Zi:1:010:1 0:1:1418:0 1 0:0:0 96 = 00000000 00000000 00000000 00000000 00000000 00000000 00000000 00000000
ffff8e1eae7fd800 1835257488 S Zi:1:010:1 -115:1:1418 1 -18:0:96 96 <
ffff8e1e3e81e800 1835258485 C Zi:1:010:1 0:1:1419:0 1 0:0:0 96 = 00000000 00000000 00000000 00000000 00000000 00000000 00000000 00000000
ffff8e1e3e81e800 1835258486 S Zi:1:010:1 -115:1:1419 1 -18:0:96 96 <
ffff8e1eae7fd600 1835259485 C Zi:1:010:1 0:1:1420:0 1 0:0:0 96 = 00000000 00000000 00000000 00000000 00000000 00000000 00000000 00000000
ffff8e1eae7fd600 1835259487 S Zi:1:010:1 -115:1:1420 1 -18:0:96 96 <
ffff8e1df2fa5400 1835260486 C Zi:1:010:1 0:1:1421:0 1 0:0:0 96 = 00000000 00000000 00000000 00000000 00000000 00000000 00000000 00000000
ffff8e1df2fa5400 1835260488 S Zi:1:010:1 -115:1:1421 1 -18:0:96 96 <
ffff8e1df2fa4400 1835261487 C Zi:1:010:1 0:1:1422:0 1 0:0:0 96 = 00000000 00000000 00000000 00000000 00000000 00000000 00000000 00000000
ffff8e1df2fa4400 1835261489 S Zi:1:010:1 -115:1:1422 1 -18:0:96 96 <
ffff8e1df2fa5000 1835262487 C Zi:1:010:1 0:1:1423:0 1 0:0:0 96 = 00000000 00000000 00000000 00000000 00000000 00000000 00000000 00000000
ffff8e1df2fa5000 1835262490 S Zi:1:010:1 -115:1:1423 1 -18:0:96 96 <
ffff8e1df2fa4000 1835263486 C Zi:1:010:1 0:1:1424:0 1 0:0:0 96 = 00000000 00000000 00000000 00000000 00000000 00000000 00000000 00000000
ffff8e1df2fa4000 1835263489 S Zi:1:010:1 -115:1:1424 1 -18:0:96 96 <
ffff8e1eae7fdd00 1835264487 C Zi:1:010:1 0:1:1425:0 1 0:0:0 96 = 00000000 00000000 00000000 00000000 00000000 00000000 00000000 00000000
ffff8e1eae7fdd00 1835264490 S Zi:1:010:1 -115:1:1425 1 -18:0:96 96 <
ffff8e1eae7fcb00 1835265487 C Zi:1:010:1 0:1:1426:0 1 0:0:0 96 = 00000000 00000000 00000000 00000000 00000000 00000000 00000000 00000000
ffff8e1eae7fcb00 1835265489 S Zi:1:010:1 -115:1:1426 1 -18:0:96 96 <
ffff8e1eae7fce00 1835266486 C Zi:1:010:1 0:1:1427:0 1 0:0:0 96 = 00000000 00000000 00000000 00000000 00000000 00000000 00000000 00000000
ffff8e1eae7fce00 1835266488 S Zi:1:010:1 -115:1:1427 1 -18:0:96 96 <
ffff8e1eae7fd300 1835267486 C Zi:1:010:1 0:1:1428:0 1 0:0:0 96 = 00000000 00000000 00000000 00000000 00000000 00000000 00000000 00000000
ffff8e1eae7fd300 1835267487 S Zi:1:010:1 -115:1:1428 1 -18:0:96 96 <
ffff8e1eae7fc900 1835268486 C Zi:1:010:1 0:1:1429:0 1 0:0:0 96 = 00000000 00000000 00000000 00000000 00000000 00000000 00000000 00000000
ffff8e1eae7fc900 1835268487 S Zi:1:010:1 -115:1:1429 1 -18:0:96 96 <
ffff8e1eae7fd800 1835269486 C Zi:1:010:1 0:1:1430:0 1 0:0:0 96 = 00000000 00000000 00000000 00000000 00000000 00000000 00000000 00000000
ffff8e1eae7fd800 1835269488 S Zi:1:010:1 -115:1:1430 1 -18:0:96 96 <
ffff8e1e3e81e800 1835270487 C Zi:1:010:1 0:1:1431:0 1 0:0:0 96 = 00000000 00000000 00000000 00000000 00000000 00000000 00000000 00000000
ffff8e1e3e81e800 1835270490 S Zi:1:010:1 -115:1:1431 1 -18:0:96 96 <
ffff8e1eae7fd600 1835271486 C Zi:1:010:1 0:1:1432:0 1 0:0:0 96 = 00000000 00000000 00000000 00000000 00000000 00000000 00000000 00000000
ffff8e1eae7fd600 1835271488 S Zi:1:010:1 -115:1:1432 1 -18:0:96 96 <
ffff8e1df2fa5400 1835272486 C Zi:1:010:1 0:1:1433:0 1 0:0:0 96 = 00000000 00000000 00000000 00000000 00000000 00000000 00000000 00000000
ffff8e1df2fa5400 1835272488 S Zi:1:010:1 -115:1:1433 1 -18:0:96 96 <
ffff8e1df2fa4400 1835273488 C Zi:1:010:1 0:1:1434:0 1 0:0:0 96 = 00000000 00000000 00000000 00000000 00000000 00000000 00000000 00000000
ffff8e1df2fa4400 1835273490 S Zi:1:010:1 -115:1:1434 1 -18:0:96 96 <
ffff8e1df2fa5000 1835274487 C Zi:1:010:1 0:1:1435:0 1 0:0:0 96 = 00000000 00000000 00000000 00000000 00000000 00000000 00000000 00000000
ffff8e1df2fa5000 1835274489 S Zi:1:010:1 -115:1:1435 1 -18:0:96 96 <
ffff8e1df2fa4000 1835275486 C Zi:1:010:1 0:1:1436:0 1 0:0:0 96 = 00000000 00000000 00000000 00000000 00000000 00000000 00000000 00000000
ffff8e1df2fa4000 1835275488 S Zi:1:010:1 -115:1:1436 1 -18:0:96 96 <
ffff8e1eae7fdd00 1835276487 C Zi:1:010:1 0:1:1437:0 1 0:0:0 96 = 00000000 00000000 00000000 00000000 00000000 00000000 00000000 00000000
ffff8e1eae7fdd00 1835276489 S Zi:1:010:1 -115:1:1437 1 -18:0:96 96 <
ffff8e1eae7fcb00 1835277487 C Zi:1:010:1 0:1:1438:0 1 0:0:0 96 = 00000000 00000000 00000000 00000000 00000000 00000000 00000000 00000000
ffff8e1eae7fcb00 1835277488 S Zi:1:010:1 -115:1:1438 1 -18:0:96 96 <
ffff8e1eae7fce00 1835278487 C Zi:1:010:1 0:1:1439:0 1 0:0:0 96 = 00000000 00000000 00000000 00000000 00000000 00000000 00000000 00000000
ffff8e1eae7fce00 1835278488 S Zi:1:010:1 -115:1:1439 1 -18:0:96 96 <
ffff8e1eae7fd300 1835279487 C Zi:1:010:1 0:1:1440:0 1 0:0:0 96 = 00000000 00000000 00000000 00000000 00000000 00000000 00000000 00000000
ffff8e1eae7fd300 1835279488 S Zi:1:010:1 -115:1:1440 1 -18:0:96 96 <
ffff8e1eae7fc900 1835280488 C Zi:1:010:1 0:1:1441:0 1 0:0:0 96 = 00000000 00000000 00000000 00000000 00000000 00000000 00000000 00000000
ffff8e1eae7fc900 1835280490 S Zi:1:010:1 -115:1:1441 1 -18:0:96 96 <
ffff8e1eae7fd800 1835281487 C Zi:1:010:1 0:1:1442:0 1 0:0:0 96 = 00000000 00000000 00000000 00000000 00000000 00000000 00000000 00000000
ffff8e1eae7fd800 1835281489 S Zi:1:010:1 -115:1:1442 1 -18:0:96 96 <
ffff8e1e3e81e800 1835282488 C Zi:1:010:1 0:1:1443:0 1 0:0:0 96 = 00000000 00000000 00000000 00000000 00000000 00000000 00000000 00000000
ffff8e1e3e81e800 1835282490 S Zi:1:010:1 -115:1:1443 1 -18:0:96 96 <
ffff8e1eae7fd600 1835283487 C Zi:1:010:1 0:1:1444:0 1 0:0:0 96 = 00000000 00000000 00000000 00000000 00000000 00000000 00000000 00000000
ffff8e1eae7fd600 1835283489 S Zi:1:010:1 -115:1:1444 1 -18:0:96 96 <
ffff8e1df2fa5400 1835284488 C Zi:1:010:1 0:1:1445:0 1 0:0:0 96 = 00000000 00000000 00000000 00000000 00000000 00000000 00000000 00000000
ffff8e1df2fa5400 1835284490 S Zi:1:010:1 -115:1:1445 1 -18:0:96 96 <
ffff8e1df2fa4400 1835285487 C Zi:1:010:1 0:1:1446:0 1 0:0:0 96 = 00000000 00000000 00000000 00000000 00000000 00000000 00000000 00000000
ffff8e1df2fa4400 1835285489 S Zi:1:010:1 -115:1:1446 1 -18:0:96 96 <
ffff8e1df2fa5000 1835286488 C Zi:1:010:1 0:1:1447:0 1 0:0:0 96 = 00000000 00000000 00000000 00000000 00000000 00000000 00000000 00000000
ffff8e1df2fa5000 1835286490 S Zi:1:010:1 -115:1:1447 1 -18:0:96 96 <
ffff8e1df2fa4000 1835287488 C Zi:1:010:1 0:1:1448:0 1 0:0:0 96 = 00000000 00000000 00000000 00000000 00000000 00000000 00000000 00000000
ffff8e1df2fa4000 1835287489 S Zi:1:010:1 -115:1:1448 1 -18:0:96 96 <
ffff8e1eae7fdd00 1835288487 C Zi:1:010:1 0:1:1449:0 1 0:0:0 96 = 00000000 00000000 00000000 00000000 00000000 00000000 00000000 00000000
ffff8e1eae7fdd00 1835288489 S Zi:1:010:1 -115:1:1449 1 -18:0:96 96 <
ffff8e1eae7fcb00 1835289488 C Zi:1:010:1 0:1:1450:0 1 0:0:0 96 = 00000000 00000000 00000000 00000000 00000000 00000000 00000000 00000000
ffff8e1eae7fcb00 1835289489 S Zi:1:010:1 -115:1:1450 1 -18:0:96 96 <
ffff8e1eae7fce00 1835290489 C Zi:1:010:1 0:1:1451:0 1 0:0:0 96 = 00000000 00000000 00000000 00000000 00000000 00000000 00000000 00000000
ffff8e1eae7fce00 1835290492 S Zi:1:010:1 -115:1:1451 1 -18:0:96 96 <
ffff8e1eae7fd300 1835291488 C Zi:1:010:1 0:1:1452:0 1 0:0:0 96 = 00000000 00000000 00000000 00000000 00000000 00000000 00000000 00000000
ffff8e1eae7fd300 1835291490 S Zi:1:010:1 -115:1:1452 1 -18:0:96 96 <
ffff8e1eae7fc900 1835292489 C Zi:1:010:1 0:1:1453:0 1 0:0:0 96 = 00000000 00000000 00000000 00000000 00000000 00000000 00000000 00000000
ffff8e1eae7fc900 1835292492 S Zi:1:010:1 -115:1:1453 1 -18:0:96 96 <
ffff8e1eae7fd800 1835293488 C Zi:1:010:1 0:1:1454:0 1 0:0:0 96 = 00000000 00000000 00000000 00000000 00000000 00000000 00000000 00000000
ffff8e1eae7fd800 1835293490 S Zi:1:010:1 -115:1:1454 1 -18:0:96 96 <
ffff8e1e3e81e800 1835294488 C Zi:1:010:1 0:1:1455:0 1 0:0:0 96 = 00000000 00000000 00000000 00000000 00000000 00000000 00000000 00000000
ffff8e1e3e81e800 1835294490 S Zi:1:010:1 -115:1:1455 1 -18:0:96 96 <
ffff8e1eae7fd600 1835295489 C Zi:1:010:1 0:1:1456:0 1 0:0:0 96 = 00000000 00000000 00000000 00000000 00000000 00000000 00000000 00000000
ffff8e1eae7fd600 1835295491 S Zi:1:010:1 -115:1:1456 1 -18:0:96 96 <
ffff8e1df2fa5400 1835296488 C Zi:1:010:1 0:1:1457:0 1 0:0:0 96 = 00000000 00000000 00000000 00000000 00000000 00000000 00000000 00000000
ffff8e1df2fa5400 1835296490 S Zi:1:010:1 -115:1:1457 1 -18:0:96 96 <
ffff8e1df2fa4400 1835297489 C Zi:1:010:1 0:1:1458:0 1 0:0:0 96 = 00000000 00000000 00000000 00000000 00000000 00000000 00000000 00000000
ffff8e1df2fa4400 1835297491 S Zi:1:010:1 -115:1:1458 1 -18:0:96 96 <
ffff8e1df2fa5000 1835298489 C Zi:1:010:1 0:1:1459:0 1 0:0:0 96 = 00000000 00000000 00000000 00000000 00000000 00000000 00000000 00000000
ffff8e1df2fa5000 1835298490 S Zi:1:010:1 -115:1:1459 1 -18:0:96 96 <
ffff8e1df2fa4000 1835299489 C Zi:1:010:1 0:1:1460:0 1 0:0:0 96 = 00000000 00000000 00000000 00000000 00000000 00000000 00000000 00000000
ffff8e1df2fa4000 1835299491 S Zi:1:010:1 -115:1:1460 1 -18:0:96 96 <
ffff8e1eae7fdd00 1835300490 C Zi:1:010:1 0:1:1461:0 1 0:0:0 96 = 00000000 00000000 00000000 00000000 00000000 00000000 00000000 00000000
ffff8e1eae7fdd00 1835300492 S Zi:1:010:1 -115:1:1461 1 -18:0:96 96 <
ffff8e1eae7fcb00 1835301489 C Zi:1:010:1 0:1:1462:0 1 0:0:0 96 = 00000000 00000000 00000000 00000000 00000000 00000000 00000000 00000000
ffff8e1eae7fcb00 1835301490 S Zi:1:010:1 -115:1:1462 1 -18:0:96 96 <
ffff8e1eae7fce00 1835302490 C Zi:1:010:1 0:1:1463:0 1 0:0:0 96 = 00000000 00000000 00000000 00000000 00000000 00000000 00000000 00000000
ffff8e1eae7fce00 1835302492 S Zi:1:010:1 -115:1:1463 1 -18:0:96 96 <
ffff8e1eae7fd300 1835303490 C Zi:1:010:1 0:1:1464:0 1 0:0:0 96 = 00000000 00000000 00000000 00000000 00000000 00000000 00000000 00000000
ffff8e1eae7fd300 1835303492 S Zi:1:010:1 -115:1:1464 1 -18:0:96 96 <
ffff8e1eae7fc900 1835304489 C Zi:1:010:1 0:1:1465:0 1 0:0:0 96 = 00000000 00000000 00000000 00000000 00000000 00000000 00000000 00000000
ffff8e1eae7fc900 1835304491 S Zi:1:010:1 -115:1:1465 1 -18:0:96 96 <
ffff8e1eae7fd800 1835305489 C Zi:1:010:1 0:1:1466:0 1 0:0:0 96 = 00000000 00000000 00000000 00000000 00000000 00000000 00000000 00000000
ffff8e1eae7fd800 1835305491 S Zi:1:010:1 -115:1:1466 1 -18:0:96 96 <
ffff8e1e3e81e800 1835306489 C Zi:1:010:1 0:1:1467:0 1 0:0:0 96 = 00000000 00000000 00000000 00000000 00000000 00000000 00000000 00000000
ffff8e1e3e81e800 1835306491 S Zi:1:010:1 -115:1:1467 1 -18:0:96 96 <
ffff8e1eae7fd600 1835307491 C Zi:1:010:1 0:1:1468:0 1 0:0:0 96 = 00000000 00000000 00000000 00000000 00000000 00000000 00000000 00000000
ffff8e1eae7fd600 1835307493 S Zi:1:010:1 -115:1:1468 1 -18:0:96 96 <
ffff8e1df2fa5400 1835308489 C Zi:1:010:1 0:1:1469:0 1 0:0:0 96 = 00000000 00000000 00000000 00000000 00000000 00000000 00000000 00000000
ffff8e1df2fa5400 1835308491 S Zi:1:010:1 -115:1:1469 1 -18:0:96 96 <
ffff8e1df2fa4400 1835309490 C Zi:1:010:1 0:1:1470:0 1 0:0:0 96 = 00000000 00000000 00000000 00000000 00000000 00000000 00000000 00000000
ffff8e1df2fa4400 1835309492 S Zi:1:010:1 -115:1:1470 1 -18:0:96 96 <
ffff8e1df2fa5000 1835310491 C Zi:1:010:1 0:1:1471:0 1 0:0:0 96 = 00000000 00000000 00000000 00000000 00000000 00000000 00000000 00000000
ffff8e1df2fa5000 1835310493 S Zi:1:010:1 -115:1:1471 1 -18:0:96 96 <
ffff8e1df2fa4000 1835311491 C Zi:1:010:1 0:1:1472:0 1 0:0:0 96 = 00000000 00000000 00000000 00000000 00000000 00000000 00000000 00000000
ffff8e1df2fa4000 1835311492 S Zi:1:010:1 -115:1:1472 1 -18:0:96 96 <
ffff8e1eae7fdd00 1835312491 C Zi:1:010:1 0:1:1473:0 1 0:0:0 96 = 00000000 00000000 00000000 00000000 00000000 00000000 00000000 00000000
ffff8e1eae7fdd00 1835312493 S Zi:1:010:1 -115:1:1473 1 -18:0:96 96 <
ffff8e1eae7fcb00 1835313489 C Zi:1:010:1 0:1:1474:0 1 0:0:0 96 = 00000000 00000000 00000000 00000000 00000000 00000000 00000000 00000000
ffff8e1eae7fcb00 1835313491 S Zi:1:010:1 -115:1:1474 1 -18:0:96 96 <
ffff8e1eae7fce00 1835314491 C Zi:1:010:1 0:1:1475:0 1 0:0:0 96 = 00000000 00000000 00000000 00000000 00000000 00000000 00000000 00000000
ffff8e1eae7fce00 1835314492 S Zi:1:010:1 -115:1:1475 1 -18:0:96 96 <
ffff8e1eae7fd300 1835315490 C Zi:1:010:1 0:1:1476:0 1 0:0:0 96 = 00000000 00000000 00000000 00000000 00000000 00000000 00000000 00000000
ffff8e1eae7fd300 1835315492 S Zi:1:010:1 -115:1:1476 1 -18:0:96 96 <
ffff8e1eae7fc900 1835316491 C Zi:1:010:1 0:1:1477:0 1 0:0:0 96 = 00000000 00000000 00000000 00000000 00000000 00000000 00000000 00000000
ffff8e1eae7fc900 1835316493 S Zi:1:010:1 -115:1:1477 1 -18:0:96 96 <
ffff8e1eae7fd800 1835317490 C Zi:1:010:1 0:1:1478:0 1 0:0:0 96 = 00000000 00000000 00000000 00000000 00000000 00000000 00000000 00000000
ffff8e1eae7fd800 1835317492 S Zi:1:010:1 -115:1:1478 1 -18:0:96 96 <
ffff8e1e3e81e800 1835318490 C Zi:1:010:1 0:1:1479:0 1 0:0:0 96 = 00000000 00000000 00000000 00000000 00000000 00000000 00000000 00000000
ffff8e1e3e81e800 1835318492 S Zi:1:010:1 -115:1:1479 1 -18:0:96 96 <
ffff8e1eae7fd600 1835319490 C Zi:1:010:1 0:1:1480:0 1 0:0:0 96 = 00000000 00000000 00000000 00000000 00000000 00000000 00000000 00000000
ffff8e1eae7fd600 1835319492 S Zi:1:010:1 -115:1:1480 1 -18:0:96 96 <
ffff8e1df2fa5400 1835320491 C Zi:1:010:1 0:1:1481:0 1 0:0:0 96 = 00000000 00000000 00000000 00000000 00000000 00000000 00000000 00000000
ffff8e1df2fa5400 1835320494 S Zi:1:010:1 -115:1:1481 1 -18:0:96 96 <
ffff8e1df2fa4400 1835321491 C Zi:1:010:1 0:1:1482:0 1 0:0:0 96 = 00000000 00000000 00000000 00000000 00000000 00000000 00000000 00000000
ffff8e1df2fa4400 1835321492 S Zi:1:010:1 -115:1:1482 1 -18:0:96 96 <
ffff8e1df2fa5000 1835322492 C Zi:1:010:1 0:1:1483:0 1 0:0:0 96 = 00000000 00000000 00000000 00000000 00000000 00000000 00000000 00000000
ffff8e1df2fa5000 1835322494 S Zi:1:010:1 -115:1:1483 1 -18:0:96 96 <
ffff8e1df2fa4000 1835323493 C Zi:1:010:1 0:1:1484:0 1 0:0:0 96 = 00000000 00000000 00000000 00000000 00000000 00000000 00000000 00000000
ffff8e1df2fa4000 1835323496 S Zi:1:010:1 -115:1:1484 1 -18:0:96 96 <
ffff8e1eae7fdd00 1835324492 C Zi:1:010:1 0:1:1485:0 1 0:0:0 96 = 00000000 00000000 00000000 00000000 00000000 00000000 00000000 00000000
ffff8e1eae7fdd00 1835324494 S Zi:1:010:1 -115:1:1485 1 -18:0:96 96 <
ffff8e1eae7fcb00 1835325491 C Zi:1:010:1 0:1:1486:0 1 0:0:0 96 = 00000000 00000000 00000000 00000000 00000000 00000000 00000000 00000000
ffff8e1eae7fcb00 1835325493 S Zi:1:010:1 -115:1:1486 1 -18:0:96 96 <
ffff8e1eae7fce00 1835326492 C Zi:1:010:1 0:1:1487:0 1 0:0:0 96 = 00000000 00000000 00000000 00000000 00000000 00000000 00000000 00000000
ffff8e1eae7fce00 1835326493 S Zi:1:010:1 -115:1:1487 1 -18:0:96 96 <
ffff8e1eae7fd300 1835327491 C Zi:1:010:1 0:1:1488:0 1 0:0:0 96 = 00000000 00000000 00000000 00000000 00000000 00000000 00000000 00000000
ffff8e1eae7fd300 1835327493 S Zi:1:010:1 -115:1:1488 1 -18:0:96 96 <
ffff8e1eae7fc900 1835328492 C Zi:1:010:1 0:1:1489:0 1 0:0:0 96 = 00000000 00000000 00000000 00000000 00000000 00000000 00000000 00000000
ffff8e1eae7fc900 1835328494 S Zi:1:010:1 -115:1:1489 1 -18:0:96 96 <
ffff8e1eae7fd800 1835329491 C Zi:1:010:1 0:1:1490:0 1 0:0:0 96 = 00000000 00000000 00000000 00000000 00000000 00000000 00000000 00000000
ffff8e1eae7fd800 1835329493 S Zi:1:010:1 -115:1:1490 1 -18:0:96 96 <
ffff8e1e3e81e800 1835330493 C Zi:1:010:1 0:1:1491:0 1 0:0:0 96 = 00000000 00000000 00000000 00000000 00000000 00000000 00000000 00000000
ffff8e1e3e81e800 1835330495 S Zi:1:010:1 -115:1:1491 1 -18:0:96 96 <
ffff8e1eae7fd600 1835331492 C Zi:1:010:1 0:1:1492:0 1 0:0:0 96 = 00000000 00000000 00000000 00000000 00000000 00000000 00000000 00000000
ffff8e1eae7fd600 1835331493 S Zi:1:010:1 -115:1:1492 1 -18:0:96 96 <
ffff8e1df2fa5400 1835332493 C Zi:1:010:1 0:1:1493:0 1 0:0:0 96 = 00000000 00000000 00000000 00000000 00000000 00000000 00000000 00000000
ffff8e1df2fa5400 1835332496 S Zi:1:010:1 -115:1:1493 1 -18:0:96 96 <
ffff8e1df2fa4400 1835333491 C Zi:1:010:1 0:1:1494:0 1 0:0:0 96 = 00000000 00000000 00000000 00000000 00000000 00000000 00000000 00000000
ffff8e1df2fa4400 1835333493 S Zi:1:010:1 -115:1:1494 1 -18:0:96 96 <
ffff8e1df2fa5000 1835334492 C Zi:1:010:1 0:1:1495:0 1 0:0:0 96 = 00000000 00000000 00000000 00000000 00000000 00000000 00000000 00000000
ffff8e1df2fa5000 1835334493 S Zi:1:010:1 -115:1:1495 1 -18:0:96 96 <
ffff8e1df2fa4000 1835335492 C Zi:1:010:1 0:1:1496:0 1 0:0:0 96 = 00000000 00000000 00000000 00000000 00000000 00000000 00000000 00000000
ffff8e1df2fa4000 1835335493 S Zi:1:010:1 -115:1:1496 1 -18:0:96 96 <
ffff8e1eae7fdd00 1835336493 C Zi:1:010:1 0:1:1497:0 1 0:0:0 96 = 00000000 00000000 00000000 00000000 00000000 00000000 00000000 00000000
ffff8e1eae7fdd00 1835336495 S Zi:1:010:1 -115:1:1497 1 -18:0:96 96 <
ffff8e1eae7fcb00 1835337493 C Zi:1:010:1 0:1:1498:0 1 0:0:0 96 = 00000000 00000000 00000000 00000000 00000000 00000000 00000000 00000000
ffff8e1eae7fcb00 1835337494 S Zi:1:010:1 -115:1:1498 1 -18:0:96 96 <
ffff8e1eae7fce00 1835338492 C Zi:1:010:1 0:1:1499:0 1 0:0:0 96 = 00000000 00000000 00000000 00000000 00000000 00000000 00000000 00000000
ffff8e1eae7fce00 1835338494 S Zi:1:010:1 -115:1:1499 1 -18:0:96 96 <
ffff8e1eae7fd300 1835339492 C Zi:1:010:1 0:1:1500:0 1 0:0:0 96 = 00000000 00000000 00000000 00000000 00000000 00000000 00000000 00000000
ffff8e1eae7fd300 1835339494 S Zi:1:010:1 -115:1:1500 1 -18:0:96 96 <
ffff8e1eae7fc900 1835340494 C Zi:1:010:1 0:1:1501:0 1 0:0:0 96 = 00000000 00000000 00000000 00000000 00000000 00000000 00000000 00000000
ffff8e1eae7fc900 1835340496 S Zi:1:010:1 -115:1:1501 1 -18:0:96 96 <
ffff8e1eae7fd800 1835341492 C Zi:1:010:1 0:1:1502:0 1 0:0:0 96 = 00000000 00000000 00000000 00000000 00000000 00000000 00000000 00000000
ffff8e1eae7fd800 1835341494 S Zi:1:010:1 -115:1:1502 1 -18:0:96 96 <
ffff8e1e3e81e800 1835342494 C Zi:1:010:1 0:1:1503:0 1 0:0:0 96 = 00000000 00000000 00000000 00000000 00000000 00000000 00000000 00000000
ffff8e1e3e81e800 1835342496 S Zi:1:010:1 -115:1:1503 1 -18:0:96 96 <
ffff8e1eae7fd600 1835343493 C Zi:1:010:1 0:1:1504:0 1 0:0:0 96 = 00000000 00000000 00000000 00000000 00000000 00000000 00000000 00000000
ffff8e1eae7fd600 1835343494 S Zi:1:010:1 -115:1:1504 1 -18:0:96 96 <
ffff8e1df2fa5400 1835344494 C Zi:1:010:1 0:1:1505:0 1 0:0:0 96 = 00000000 00000000 00000000 00000000 00000000 00000000 00000000 00000000
ffff8e1df2fa5400 1835344496 S Zi:1:010:1 -115:1:1505 1 -18:0:96 96 <
ffff8e1df2fa4400 1835345493 C Zi:1:010:1 0:1:1506:0 1 0:0:0 96 = 00000000 00000000 00000000 00000000 00000000 00000000 00000000 00000000
ffff8e1df2fa4400 1835345495 S Zi:1:010:1 -115:1:1506 1 -18:0:96 96 <
ffff8e1df2fa5000 1835346493 C Zi:1:010:1 0:1:1507:0 1 0:0:0 96 = 00000000 00000000 00000000 00000000 00000000 00000000 00000000 00000000
ffff8e1df2fa5000 1835346495 S Zi:1:010:1 -115:1:1507 1 -18:0:96 96 <
ffff8e1df2fa4000 1835347493 C Zi:1:010:1 0:1:1508:0 1 0:0:0 96 = 00000000 00000000 00000000 00000000 00000000 00000000 00000000 00000000
ffff8e1df2fa4000 1835347495 S Zi:1:010:1 -115:1:1508 1 -18:0:96 96 <
ffff8e1eae7fdd00 1835348494 C Zi:1:010:1 0:1:1509:0 1 0:0:0 96 = 00000000 00000000 00000000 00000000 00000000 00000000 00000000 00000000
ffff8e1eae7fdd00 1835348496 S Zi:1:010:1 -115:1:1509 1 -18:0:96 96 <
ffff8e1eae7fcb00 1835349493 C Zi:1:010:1 0:1:1510:0 1 0:0:0 96 = 00000000 00000000 00000000 00000000 00000000 00000000 00000000 00000000
ffff8e1eae7fcb00 1835349495 S Zi:1:010:1 -115:1:1510 1 -18:0:96 96 <
ffff8e1eae7fce00 1835350494 C Zi:1:010:1 0:1:1511:0 1 0:0:0 96 = 00000000 00000000 00000000 00000000 00000000 00000000 00000000 00000000
ffff8e1eae7fce00 1835350497 S Zi:1:010:1 -115:1:1511 1 -18:0:96 96 <
ffff8e1eae7fd300 1835351494 C Zi:1:010:1 0:1:1512:0 1 0:0:0 96 = 00000000 00000000 00000000 00000000 00000000 00000000 00000000 00000000
ffff8e1eae7fd300 1835351496 S Zi:1:010:1 -115:1:1512 1 -18:0:96 96 <
ffff8e1eae7fc900 1835352494 C Zi:1:010:1 0:1:1513:0 1 0:0:0 96 = 00000000 00000000 00000000 00000000 00000000 00000000 00000000 00000000
ffff8e1eae7fc900 1835352495 S Zi:1:010:1 -115:1:1513 1 -18:0:96 96 <
ffff8e1eae7fd800 1835353494 C Zi:1:010:1 0:1:1514:0 1 0:0:0 96 = 00000000 00000000 00000000 00000000 00000000 00000000 00000000 00000000
ffff8e1eae7fd800 1835353495 S Zi:1:010:1 -115:1:1514 1 -18:0:96 96 <
ffff8e1e3e81e800 1835354494 C Zi:1:010:1 0:1:1515:0 1 0:0:0 96 = 00000000 00000000 00000000 00000000 00000000 00000000 00000000 00000000
ffff8e1e3e81e800 1835354495 S Zi:1:010:1 -115:1:1515 1 -18:0:96 96 <
ffff8e1eae7fd600 1835355494 C Zi:1:010:1 0:1:1516:0 1 0:0:0 96 = 00000000 00000000 00000000 00000000 00000000 00000000 00000000 00000000
ffff8e1eae7fd600 1835355495 S Zi:1:010:1 -115:1:1516 1 -18:0:96 96 <
ffff8e1df2fa5400 1835356494 C Zi:1:010:1 0:1:1517:0 1 0:0:0 96 = 00000000 00000000 00000000 00000000 00000000 00000000 00000000 00000000
ffff8e1df2fa5400 1835356496 S Zi:1:010:1 -115:1:1517 1 -18:0:96 96 <
ffff8e1df2fa4400 1835357495 C Zi:1:010:1 0:1:1518:0 1 0:0:0 96 = 00000000 00000000 00000000 00000000 00000000 00000000 00000000 00000000
ffff8e1df2fa4400 1835357497 S Zi:1:010:1 -115:1:1518 1 -18:0:96 96 <
ffff8e1df2fa5000 1835358495 C Zi:1:010:1 0:1:1519:0 1 0:0:0 96 = 00000000 00000000 00000000 00000000 00000000 00000000 00000000 00000000
ffff8e1df2fa5000 1835358497 S Zi:1:010:1 -115:1:1519 1 -18:0:96 96 <
ffff8e1df2fa4000 1835359494 C Zi:1:010:1 0:1:1520:0 1 0:0:0 96 = 00000000 00000000 00000000 00000000 00000000 00000000 00000000 00000000
ffff8e1df2fa4000 1835359496 S Zi:1:010:1 -115:1:1520 1 -18:0:96 96 <
ffff8e1eae7fdd00 1835360496 C Zi:1:010:1 0:1:1521:0 1 0:0:0 96 = 00000000 00000000 00000000 00000000 00000000 00000000 00000000 00000000
ffff8e1eae7fdd00 1835360498 S Zi:1:010:1 -115:1:1521 1 -18:0:96 96 <
ffff8e1eae7fcb00 1835361496 C Zi:1:010:1 0:1:1522:0 1 0:0:0 96 = 00000000 00000000 00000000 00000000 00000000 00000000 00000000 00000000
ffff8e1eae7fcb00 1835361498 S Zi:1:010:1 -115:1:1522 1 -18:0:96 96 <
ffff8e1eae7fce00 1835362495 C Zi:1:010:1 0:1:1523:0 1 0:0:0 96 = 00000000 00000000 00000000 00000000 00000000 00000000 00000000 00000000
ffff8e1eae7fce00 1835362497 S Zi:1:010:1 -115:1:1523 1 -18:0:96 96 <
ffff8e1eae7fd300 1835363495 C Zi:1:010:1 0:1:1524:0 1 0:0:0 96 = 00000000 00000000 00000000 00000000 00000000 00000000 00000000 00000000
ffff8e1eae7fd300 1835363497 S Zi:1:010:1 -115:1:1524 1 -18:0:96 96 <
ffff8e1eae7fc900 1835364497 C Zi:1:010:1 0:1:1525:0 1 0:0:0 96 = 00000000 00000000 00000000 00000000 00000000 00000000 00000000 00000000
ffff8e1eae7fc900 1835364502 S Zi:1:010:1 -115:1:1525 1 -18:0:96 96 <
ffff8e1eae7fd800 1835365496 C Zi:1:010:1 0:1:1526:0 1 0:0:0 96 = 00000000 00000000 00000000 00000000 00000000 00000000 00000000 00000000
ffff8e1eae7fd800 1835365499 S Zi:1:010:1 -115:1:1526 1 -18:0:96 96 <
ffff8e1e3e81e800 1835366495 C Zi:1:010:1 0:1:1527:0 1 0:0:0 96 = 00000000 00000000 00000000 00000000 00000000 00000000 00000000 00000000
ffff8e1e3e81e800 1835366498 S Zi:1:010:1 -115:1:1527 1 -18:0:96 96 <
ffff8e1eae7fd600 1835367495 C Zi:1:010:1 0:1:1528:0 1 0:0:0 96 = 00000000 00000000 00000000 00000000 00000000 00000000 00000000 00000000
ffff8e1eae7fd600 1835367497 S Zi:1:010:1 -115:1:1528 1 -18:0:96 96 <
ffff8e1df2fa5400 1835368495 C Zi:1:010:1 0:1:1529:0 1 0:0:0 96 = 00000000 00000000 00000000 00000000 00000000 00000000 00000000 00000000
ffff8e1df2fa5400 1835368511 S Zi:1:010:1 -115:1:1529 1 -18:0:96 96 <
ffff8e1df2fa4400 1835369495 C Zi:1:010:1 0:1:1530:0 1 0:0:0 96 = 00000000 00000000 00000000 00000000 00000000 00000000 00000000 00000000
ffff8e1df2fa4400 1835369497 S Zi:1:010:1 -115:1:1530 1 -18:0:96 96 <
ffff8e1df2fa5000 1835370497 C Zi:1:010:1 0:1:1531:0 1 0:0:0 96 = 00000000 00000000 00000000 00000000 00000000 00000000 00000000 00000000
ffff8e1df2fa5000 1835370500 S Zi:1:010:1 -115:1:1531 1 -18:0:96 96 <
ffff8e1df2fa4000 1835371496 C Zi:1:010:1 0:1:1532:0 1 0:0:0 96 = 00000000 00000000 00000000 00000000 00000000 00000000 00000000 00000000
ffff8e1df2fa4000 1835371499 S Zi:1:010:1 -115:1:1532 1 -18:0:96 96 <
ffff8e1eae7fdd00 1835372496 C Zi:1:010:1 0:1:1533:0 1 0:0:0 96 = 00000000 00000000 00000000 00000000 00000000 00000000 00000000 00000000
ffff8e1eae7fdd00 1835372498 S Zi:1:010:1 -115:1:1533 1 -18:0:96 96 <
ffff8e1eae7fcb00 1835373497 C Zi:1:010:1 0:1:1534:0 1 0:0:0 96 = 00000000 00000000 00000000 00000000 00000000 00000000 00000000 00000000
ffff8e1eae7fcb00 1835373501 S Zi:1:010:1 -115:1:1534 1 -18:0:96 96 <
ffff8e1eae7fce00 1835374496 C Zi:1:010:1 0:1:1535:0 1 0:0:0 96 = 00000000 00000000 00000000 00000000 00000000 00000000 00000000 00000000
ffff8e1eae7fce00 1835374499 S Zi:1:010:1 -115:1:1535 1 -18:0:96 96 <
ffff8e1eae7fd300 1835375496 C Zi:1:010:1 0:1:1536:0 1 0:0:0 96 = 00000000 00000000 00000000 00000000 00000000 00000000 00000000 00000000
ffff8e1eae7fd300 1835375499 S Zi:1:010:1 -115:1:1536 1 -18:0:96 96 <
ffff8e1eae7fc900 1835376496 C Zi:1:010:1 0:1:1537:0 1 0:0:0 96 = 00000000 00000000 00000000 00000000 00000000 00000000 00000000 00000000
ffff8e1eae7fc900 1835376499 S Zi:1:010:1 -115:1:1537 1 -18:0:96 96 <
ffff8e1eae7fd800 1835377496 C Zi:1:010:1 0:1:1538:0 1 0:0:0 96 = 00000000 00000000 00000000 00000000 00000000 00000000 00000000 00000000
ffff8e1eae7fd800 1835377498 S Zi:1:010:1 -115:1:1538 1 -18:0:96 96 <
ffff8e1e3e81e800 1835378496 C Zi:1:010:1 0:1:1539:0 1 0:0:0 96 = 00000000 00000000 00000000 00000000 00000000 00000000 00000000 00000000
ffff8e1e3e81e800 1835378498 S Zi:1:010:1 -115:1:1539 1 -18:0:96 96 <
ffff8e1eae7fd600 1835379496 C Zi:1:010:1 0:1:1540:0 1 0:0:0 96 = 00000000 00000000 00000000 00000000 00000000 00000000 00000000 00000000
ffff8e1eae7fd600 1835379498 S Zi:1:010:1 -115:1:1540 1 -18:0:96 96 <
ffff8e1df2fa5400 1835380497 C Zi:1:010:1 0:1:1541:0 1 0:0:0 96 = 00000000 00000000 00000000 00000000 00000000 00000000 00000000 00000000
ffff8e1df2fa5400 1835380500 S Zi:1:010:1 -115:1:1541 1 -18:0:96 96 <
ffff8e1df2fa4400 1835381497 C Zi:1:010:1 0:1:1542:0 1 0:0:0 96 = 00000000 00000000 00000000 00000000 00000000 00000000 00000000 00000000
ffff8e1df2fa4400 1835381500 S Zi:1:010:1 -115:1:1542 1 -18:0:96 96 <
ffff8e1df2fa5000 1835382497 C Zi:1:010:1 0:1:1543:0 1 0:0:0 96 = 00000000 00000000 00000000 00000000 00000000 00000000 00000000 00000000
ffff8e1df2fa5000 1835382499 S Zi:1:010:1 -115:1:1543 1 -18:0:96 96 <
ffff8e1df2fa4000 1835383496 C Zi:1:010:1 0:1:1544:0 1 0:0:0 96 = 00000000 00000000 00000000 00000000 00000000 00000000 00000000 00000000
ffff8e1df2fa4000 1835383499 S Zi:1:010:1 -115:1:1544 1 -18:0:96 96 <
ffff8e1eae7fdd00 1835384497 C Zi:1:010:1 0:1:1545:0 1 0:0:0 96 = 00000000 00000000 00000000 00000000 00000000 00000000 00000000 00000000
ffff8e1eae7fdd00 1835384500 S Zi:1:010:1 -115:1:1545 1 -18:0:96 96 <
ffff8e1eae7fcb00 1835385497 C Zi:1:010:1 0:1:1546:0 1 0:0:0 96 = 00000000 00000000 00000000 00000000 00000000 00000000 00000000 00000000
ffff8e1eae7fcb00 1835385499 S Zi:1:010:1 -115:1:1546 1 -18:0:96 96 <
ffff8e1eae7fce00 1835386497 C Zi:1:010:1 0:1:1547:0 1 0:0:0 96 = 00000000 00000000 00000000 00000000 00000000 00000000 00000000 00000000
ffff8e1eae7fce00 1835386499 S Zi:1:010:1 -115:1:1547 1 -18:0:96 96 <
ffff8e1eae7fd300 1835387497 C Zi:1:010:1 0:1:1548:0 1 0:0:0 96 = 00000000 00000000 00000000 00000000 00000000 00000000 00000000 00000000
ffff8e1eae7fd300 1835387499 S Zi:1:010:1 -115:1:1548 1 -18:0:96 96 <
ffff8e1eae7fc900 1835388497 C Zi:1:010:1 0:1:1549:0 1 0:0:0 96 = 00000000 00000000 00000000 00000000 00000000 00000000 00000000 00000000
ffff8e1eae7fc900 1835388499 S Zi:1:010:1 -115:1:1549 1 -18:0:96 96 <
ffff8e1eae7fd800 1835389497 C Zi:1:010:1 0:1:1550:0 1 0:0:0 96 = 00000000 00000000 00000000 00000000 00000000 00000000 00000000 00000000
ffff8e1eae7fd800 1835389499 S Zi:1:010:1 -115:1:1550 1 -18:0:96 96 <
ffff8e1e3e81e800 1835390502 C Zi:1:010:1 0:1:1551:0 1 0:0:0 96 = 00000000 00000000 00000000 00000000 00000000 00000000 00000000 00000000
ffff8e1e3e81e800 1835390506 S Zi:1:010:1 -115:1:1551 1 -18:0:96 96 <
ffff8e1eae7fd600 1835391497 C Zi:1:010:1 0:1:1552:0 1 0:0:0 96 = 00000000 00000000 00000000 00000000 00000000 00000000 00000000 00000000
ffff8e1eae7fd600 1835391500 S Zi:1:010:1 -115:1:1552 1 -18:0:96 96 <
ffff8e1df2fa5400 1835392498 C Zi:1:010:1 0:1:1553:0 1 0:0:0 96 = 00000000 00000000 00000000 00000000 00000000 00000000 00000000 00000000
ffff8e1df2fa5400 1835392500 S Zi:1:010:1 -115:1:1553 1 -18:0:96 96 <
ffff8e1df2fa4400 1835393497 C Zi:1:010:1 0:1:1554:0 1 0:0:0 96 = 00000000 00000000 00000000 00000000 00000000 00000000 00000000 00000000
ffff8e1df2fa4400 1835393500 S Zi:1:010:1 -115:1:1554 1 -18:0:96 96 <
ffff8e1df2fa5000 1835394497 C Zi:1:010:1 0:1:1555:0 1 0:0:0 96 = 00000000 00000000 00000000 00000000 00000000 00000000 00000000 00000000
ffff8e1df2fa5000 1835394500 S Zi:1:010:1 -115:1:1555 1 -18:0:96 96 <
ffff8e1df2fa4000 1835395498 C Zi:1:010:1 0:1:1556:0 1 0:0:0 96 = 00000000 00000000 00000000 00000000 00000000 00000000 00000000 00000000
ffff8e1df2fa4000 1835395502 S Zi:1:010:1 -115:1:1556 1 -18:0:96 96 <
ffff8e1eae7fdd00 1835396498 C Zi:1:010:1 0:1:1557:0 1 0:0:0 96 = 00000000 00000000 00000000 00000000 00000000 00000000 00000000 00000000
ffff8e1eae7fdd00 1835396500 S Zi:1:010:1 -115:1:1557 1 -18:0:96 96 <
ffff8e1eae7fcb00 1835397498 C Zi:1:010:1 0:1:1558:0 1 0:0:0 96 = 00000000 00000000 00000000 00000000 00000000 00000000 00000000 00000000
ffff8e1eae7fcb00 1835397501 S Zi:1:010:1 -115:1:1558 1 -18:0:96 96 <
ffff8e1eae7fce00 1835398498 C Zi:1:010:1 0:1:1559:0 1 0:0:0 96 = 00000000 00000000 00000000 00000000 00000000 00000000 00000000 00000000
ffff8e1eae7fce00 1835398500 S Zi:1:010:1 -115:1:1559 1 -18:0:96 96 <
ffff8e1eae7fd300 1835399498 C Zi:1:010:1 0:1:1560:0 1 0:0:0 96 = 00000000 00000000 00000000 00000000 00000000 00000000 00000000 00000000
ffff8e1eae7fd300 1835399500 S Zi:1:010:1 -115:1:1560 1 -18:0:96 96 <
ffff8e1eae7fc900 1835400498 C Zi:1:010:1 0:1:1561:0 1 0:0:0 96 = 00000000 00000000 00000000 00000000 00000000 00000000 00000000 00000000
ffff8e1eae7fc900 1835400500 S Zi:1:010:1 -115:1:1561 1 -18:0:96 96 <
ffff8e1eae7fd800 1835401498 C Zi:1:010:1 0:1:1562:0 1 0:0:0 96 = 00000000 00000000 00000000 00000000 00000000 00000000 00000000 00000000
ffff8e1eae7fd800 1835401500 S Zi:1:010:1 -115:1:1562 1 -18:0:96 96 <
ffff8e1e3e81e800 1835402498 C Zi:1:010:1 0:1:1563:0 1 0:0:0 96 = 00000000 00000000 00000000 00000000 00000000 00000000 00000000 00000000
ffff8e1e3e81e800 1835402500 S Zi:1:010:1 -115:1:1563 1 -18:0:96 96 <
ffff8e1eae7fd600 1835403499 C Zi:1:010:1 0:1:1564:0 1 0:0:0 96 = 00000000 00000000 00000000 00000000 00000000 00000000 00000000 00000000
ffff8e1eae7fd600 1835403502 S Zi:1:010:1 -115:1:1564 1 -18:0:96 96 <
ffff8e1df2fa5400 1835404498 C Zi:1:010:1 0:1:1565:0 1 0:0:0 96 = 00000000 00000000 00000000 00000000 00000000 00000000 00000000 00000000
ffff8e1df2fa5400 1835404501 S Zi:1:010:1 -115:1:1565 1 -18:0:96 96 <
ffff8e1df2fa4400 1835405498 C Zi:1:010:1 0:1:1566:0 1 0:0:0 96 = 00000000 00000000 00000000 00000000 00000000 00000000 00000000 00000000
ffff8e1df2fa4400 1835405501 S Zi:1:010:1 -115:1:1566 1 -18:0:96 96 <
ffff8e1df2fa5000 1835406498 C Zi:1:010:1 0:1:1567:0 1 0:0:0 96 = 00000000 00000000 00000000 00000000 00000000 00000000 00000000 00000000
ffff8e1df2fa5000 1835406501 S Zi:1:010:1 -115:1:1567 1 -18:0:96 96 <
ffff8e1df2fa4000 1835407499 C Zi:1:010:1 0:1:1568:0 1 0:0:0 96 = 00000000 00000000 00000000 00000000 00000000 00000000 00000000 00000000
ffff8e1df2fa4000 1835407502 S Zi:1:010:1 -115:1:1568 1 -18:0:96 96 <
ffff8e1eae7fdd00 1835408498 C Zi:1:010:1 0:1:1569:0 1 0:0:0 96 = 00000000 00000000 00000000 00000000 00000000 00000000 00000000 00000000
ffff8e1eae7fdd00 1835408500 S Zi:1:010:1 -115:1:1569 1 -18:0:96 96 <
ffff8e1eae7fcb00 1835409499 C Zi:1:010:1 0:1:1570:0 1 0:0:0 96 = 00000000 00000000 00000000 00000000 00000000 00000000 00000000 00000000
ffff8e1eae7fcb00 1835409502 S Zi:1:010:1 -115:1:1570 1 -18:0:96 96 <
ffff8e1eae7fce00 1835410499 C Zi:1:010:1 0:1:1571:0 1 0:0:0 96 = 00000000 00000000 00000000 00000000 00000000 00000000 00000000 00000000
ffff8e1eae7fce00 1835410501 S Zi:1:010:1 -115:1:1571 1 -18:0:96 96 <
ffff8e1eae7fd300 1835411499 C Zi:1:010:1 0:1:1572:0 1 0:0:0 96 = 00000000 00000000 00000000 00000000 00000000 00000000 00000000 00000000
ffff8e1eae7fd300 1835411502 S Zi:1:010:1 -115:1:1572 1 -18:0:96 96 <
ffff8e1eae7fc900 1835412499 C Zi:1:010:1 0:1:1573:0 1 0:0:0 96 = 00000000 00000000 00000000 00000000 00000000 00000000 00000000 00000000
ffff8e1eae7fc900 1835412501 S Zi:1:010:1 -115:1:1573 1 -18:0:96 96 <
ffff8e1eae7fd800 1835413499 C Zi:1:010:1 0:1:1574:0 1 0:0:0 96 = 00000000 00000000 00000000 00000000 00000000 00000000 00000000 00000000
ffff8e1eae7fd800 1835413500 S Zi:1:010:1 -115:1:1574 1 -18:0:96 96 <
ffff8e1e3e81e800 1835414500 C Zi:1:010:1 0:1:1575:0 1 0:0:0 96 = 00000000 00000000 00000000 00000000 00000000 00000000 00000000 00000000
ffff8e1e3e81e800 1835414501 S Zi:1:010:1 -115:1:1575 1 -18:0:96 96 <
ffff8e1eae7fd600 1835415499 C Zi:1:010:1 0:1:1576:0 1 0:0:0 96 = 00000000 00000000 00000000 00000000 00000000 00000000 00000000 00000000
ffff8e1eae7fd600 1835415501 S Zi:1:010:1 -115:1:1576 1 -18:0:96 96 <
ffff8e1df2fa5400 1835416500 C Zi:1:010:1 0:1:1577:0 1 0:0:0 96 = 00000000 00000000 00000000 00000000 00000000 00000000 00000000 00000000
ffff8e1df2fa5400 1835416502 S Zi:1:010:1 -115:1:1577 1 -18:0:96 96 <
ffff8e1df2fa4400 1835417499 C Zi:1:010:1 0:1:1578:0 1 0:0:0 96 = 00000000 00000000 00000000 00000000 00000000 00000000 00000000 00000000
ffff8e1df2fa4400 1835417501 S Zi:1:010:1 -115:1:1578 1 -18:0:96 96 <
ffff8e1df2fa5000 1835418500 C Zi:1:010:1 0:1:1579:0 1 0:0:0 96 = 00000000 00000000 00000000 00000000 00000000 00000000 00000000 00000000
ffff8e1df2fa5000 1835418501 S Zi:1:010:1 -115:1:1579 1 -18:0:96 96 <
ffff8e1df2fa4000 1835419500 C Zi:1:010:1 0:1:1580:0 1 0:0:0 96 = 00000000 00000000 00000000 00000000 00000000 00000000 00000000 00000000
ffff8e1df2fa4000 1835419501 S Zi:1:010:1 -115:1:1580 1 -18:0:96 96 <
ffff8e1eae7fdd00 1835420500 C Zi:1:010:1 0:1:1581:0 1 0:0:0 96 = 00000000 00000000 00000000 00000000 00000000 00000000 00000000 00000000
ffff8e1eae7fdd00 1835420501 S Zi:1:010:1 -115:1:1581 1 -18:0:96 96 <
ffff8e1eae7fcb00 1835421500 C Zi:1:010:1 0:1:1582:0 1 0:0:0 96 = 00000000 00000000 00000000 00000000 00000000 00000000 00000000 00000000
ffff8e1eae7fcb00 1835421501 S Zi:1:010:1 -115:1:1582 1 -18:0:96 96 <
ffff8e1eae7fce00 1835422500 C Zi:1:010:1 0:1:1583:0 1 0:0:0 96 = 00000000 00000000 00000000 00000000 00000000 00000000 00000000 00000000
ffff8e1eae7fce00 1835422501 S Zi:1:010:1 -115:1:1583 1 -18:0:96 96 <
ffff8e1eae7fd300 1835423501 C Zi:1:010:1 0:1:1584:0 1 0:0:0 96 = 00000000 00000000 00000000 00000000 00000000 00000000 00000000 00000000
ffff8e1eae7fd300 1835423504 S Zi:1:010:1 -115:1:1584 1 -18:0:96 96 <
ffff8e1eae7fc900 1835424501 C Zi:1:010:1 0:1:1585:0 1 0:0:0 96 = 00000000 00000000 00000000 00000000 00000000 00000000 00000000 00000000
ffff8e1eae7fc900 1835424503 S Zi:1:010:1 -115:1:1585 1 -18:0:96 96 <
ffff8e1eae7fd800 1835425500 C Zi:1:010:1 0:1:1586:0 1 0:0:0 96 = 00000000 00000000 00000000 00000000 00000000 00000000 00000000 00000000
ffff8e1eae7fd800 1835425502 S Zi:1:010:1 -115:1:1586 1 -18:0:96 96 <
ffff8e1e3e81e800 1835426501 C Zi:1:010:1 0:1:1587:0 1 0:0:0 96 = 00000000 00000000 00000000 00000000 00000000 00000000 00000000 00000000
ffff8e1e3e81e800 1835426502 S Zi:1:010:1 -115:1:1587 1 -18:0:96 96 <
ffff8e1eae7fd600 1835427500 C Zi:1:010:1 0:1:1588:0 1 0:0:0 96 = 00000000 00000000 00000000 00000000 00000000 00000000 00000000 00000000
ffff8e1eae7fd600 1835427502 S Zi:1:010:1 -115:1:1588 1 -18:0:96 96 <
ffff8e1df2fa5400 1835428501 C Zi:1:010:1 0:1:1589:0 1 0:0:0 96 = 00000000 00000000 00000000 00000000 00000000 00000000 00000000 00000000
ffff8e1df2fa5400 1835428503 S Zi:1:010:1 -115:1:1589 1 -18:0:96 96 <
ffff8e1df2fa4400 1835429500 C Zi:1:010:1 0:1:1590:0 1 0:0:0 96 = 00000000 00000000 00000000 00000000 00000000 00000000 00000000 00000000
ffff8e1df2fa4400 1835429502 S Zi:1:010:1 -115:1:1590 1 -18:0:96 96 <
ffff8e1df2fa5000 1835430501 C Zi:1:010:1 0:1:1591:0 1 0:0:0 96 = 00000000 00000000 00000000 00000000 00000000 00000000 00000000 00000000
ffff8e1df2fa5000 1835430504 S Zi:1:010:1 -115:1:1591 1 -18:0:96 96 <
ffff8e1df2fa4000 1835431501 C Zi:1:010:1 0:1:1592:0 1 0:0:0 96 = 00000000 00000000 00000000 00000000 00000000 00000000 00000000 00000000
ffff8e1df2fa4000 1835431503 S Zi:1:010:1 -115:1:1592 1 -18:0:96 96 <
ffff8e1eae7fdd00 1835432501 C Zi:1:010:1 0:1:1593:0 1 0:0:0 96 = 00000000 00000000 00000000 00000000 00000000 00000000 00000000 00000000
ffff8e1eae7fdd00 1835432504 S Zi:1:010:1 -115:1:1593 1 -18:0:96 96 <
ffff8e1eae7fcb00 1835433501 C Zi:1:010:1 0:1:1594:0 1 0:0:0 96 = 00000000 00000000 00000000 00000000 00000000 00000000 00000000 00000000
ffff8e1eae7fcb00 1835433503 S Zi:1:010:1 -115:1:1594 1 -18:0:96 96 <
ffff8e1eae7fce00 1835434501 C Zi:1:010:1 0:1:1595:0 1 0:0:0 96 = 00000000 00000000 00000000 00000000 00000000 00000000 00000000 00000000
ffff8e1eae7fce00 1835434503 S Zi:1:010:1 -115:1:1595 1 -18:0:96 96 <
ffff8e1eae7fd300 1835435501 C Zi:1:010:1 0:1:1596:0 1 0:0:0 96 = 00000000 00000000 00000000 00000000 00000000 00000000 00000000 00000000
ffff8e1eae7fd300 1835435502 S Zi:1:010:1 -115:1:1596 1 -18:0:96 96 <
ffff8e1eae7fc900 1835436501 C Zi:1:010:1 0:1:1597:0 1 0:0:0 96 = 00000000 00000000 00000000 00000000 00000000 00000000 00000000 00000000
ffff8e1eae7fc900 1835436505 S Zi:1:010:1 -115:1:1597 1 -18:0:96 96 <
ffff8e1eae7fd800 1835437502 C Zi:1:010:1 0:1:1598:0 1 0:0:0 96 = 00000000 00000000 00000000 00000000 00000000 00000000 00000000 00000000
ffff8e1eae7fd800 1835437504 S Zi:1:010:1 -115:1:1598 1 -18:0:96 96 <
ffff8e1e3e81e800 1835438501 C Zi:1:010:1 0:1:1599:0 1 0:0:0 96 = 00000000 00000000 00000000 00000000 00000000 00000000 00000000 00000000
ffff8e1e3e81e800 1835438503 S Zi:1:010:1 -115:1:1599 1 -18:0:96 96 <
ffff8e1eae7fd600 1835439501 C Zi:1:010:1 0:1:1600:0 1 0:0:0 96 = 00000000 00000000 00000000 00000000 00000000 00000000 00000000 00000000
ffff8e1eae7fd600 1835439503 S Zi:1:010:1 -115:1:1600 1 -18:0:96 96 <
ffff8e1df2fa5400 1835440503 C Zi:1:010:1 0:1:1601:0 1 0:0:0 96 = 00000000 00000000 00000000 00000000 00000000 00000000 00000000 00000000
ffff8e1df2fa5400 1835440506 S Zi:1:010:1 -115:1:1601 1 -18:0:96 96 <
ffff8e1df2fa4400 1835441501 C Zi:1:010:1 0:1:1602:0 1 0:0:0 96 = 00000000 00000000 00000000 00000000 00000000 00000000 00000000 00000000
ffff8e1df2fa4400 1835441503 S Zi:1:010:1 -115:1:1602 1 -18:0:96 96 <
ffff8e1df2fa5000 1835442502 C Zi:1:010:1 0:1:1603:0 1 0:0:0 96 = 00000000 00000000 00000000 00000000 00000000 00000000 00000000 00000000
ffff8e1df2fa5000 1835442504 S Zi:1:010:1 -115:1:1603 1 -18:0:96 96 <
ffff8e1df2fa4000 1835443502 C Zi:1:010:1 0:1:1604:0 1 0:0:0 96 = 00000000 00000000 00000000 00000000 00000000 00000000 00000000 00000000
ffff8e1df2fa4000 1835443503 S Zi:1:010:1 -115:1:1604 1 -18:0:96 96 <
ffff8e1eae7fdd00 1835444503 C Zi:1:010:1 0:1:1605:0 1 0:0:0 96 = 00000000 00000000 00000000 00000000 00000000 00000000 00000000 00000000
ffff8e1eae7fdd00 1835444505 S Zi:1:010:1 -115:1:1605 1 -18:0:96 96 <
ffff8e1eae7fcb00 1835445502 C Zi:1:010:1 0:1:1606:0 1 0:0:0 96 = 00000000 00000000 00000000 00000000 00000000 00000000 00000000 00000000
ffff8e1eae7fcb00 1835445504 S Zi:1:010:1 -115:1:1606 1 -18:0:96 96 <
ffff8e1eae7fce00 1835446502 C Zi:1:010:1 0:1:1607:0 1 0:0:0 96 = 00000000 00000000 00000000 00000000 00000000 00000000 00000000 00000000
ffff8e1eae7fce00 1835446503 S Zi:1:010:1 -115:1:1607 1 -18:0:96 96 <
ffff8e1eae7fd300 1835447502 C Zi:1:010:1 0:1:1608:0 1 0:0:0 96 = 00000000 00000000 00000000 00000000 00000000 00000000 00000000 00000000
ffff8e1eae7fd300 1835447503 S Zi:1:010:1 -115:1:1608 1 -18:0:96 96 <
ffff8e1eae7fc900 1835448503 C Zi:1:010:1 0:1:1609:0 1 0:0:0 96 = 00000000 00000000 00000000 00000000 00000000 00000000 00000000 00000000
ffff8e1eae7fc900 1835448505 S Zi:1:010:1 -115:1:1609 1 -18:0:96 96 <
ffff8e1eae7fd800 1835449502 C Zi:1:010:1 0:1:1610:0 1 0:0:0 96 = 00000000 00000000 00000000 00000000 00000000 00000000 00000000 00000000
ffff8e1eae7fd800 1835449504 S Zi:1:010:1 -115:1:1610 1 -18:0:96 96 <
ffff8e1e3e81e800 1835450502 C Zi:1:010:1 0:1:1611:0 1 0:0:0 96 = 00000000 00000000 00000000 00000000 00000000 00000000 00000000 00000000
ffff8e1e3e81e800 1835450504 S Zi:1:010:1 -115:1:1611 1 -18:0:96 96 <
ffff8e1eae7fd600 1835451502 C Zi:1:010:1 0:1:1612:0 1 0:0:0 96 = 00000000 00000000 00000000 00000000 00000000 00000000 00000000 00000000
ffff8e1eae7fd600 1835451504 S Zi:1:010:1 -115:1:1612 1 -18:0:96 96 <
ffff8e1df2fa5400 1835452503 C Zi:1:010:1 0:1:1613:0 1 0:0:0 96 = 00000000 00000000 00000000 00000000 00000000 00000000 00000000 00000000
ffff8e1df2fa5400 1835452504 S Zi:1:010:1 -115:1:1613 1 -18:0:96 96 <
ffff8e1df2fa4400 1835453503 C Zi:1:010:1 0:1:1614:0 1 0:0:0 96 = 00000000 00000000 00000000 00000000 00000000 00000000 00000000 00000000
ffff8e1df2fa4400 1835453505 S Zi:1:010:1 -115:1:1614 1 -18:0:96 96 <
ffff8e1df2fa5000 1835454503 C Zi:1:010:1 0:1:1615:0 1 0:0:0 96 = 00000000 00000000 00000000 00000000 00000000 00000000 00000000 00000000
ffff8e1df2fa5000 1835454504 S Zi:1:010:1 -115:1:1615 1 -18:0:96 96 <
ffff8e1df2fa4000 1835455503 C Zi:1:010:1 0:1:1616:0 1 0:0:0 96 = 00000000 00000000 00000000 00000000 00000000 00000000 00000000 00000000
ffff8e1df2fa4000 1835455504 S Zi:1:010:1 -115:1:1616 1 -18:0:96 96 <
ffff8e1eae7fdd00 1835456503 C Zi:1:010:1 0:1:1617:0 1 0:0:0 96 = 00000000 00000000 00000000 00000000 00000000 00000000 00000000 00000000
ffff8e1eae7fdd00 1835456504 S Zi:1:010:1 -115:1:1617 1 -18:0:96 96 <
ffff8e1eae7fcb00 1835457504 C Zi:1:010:1 0:1:1618:0 1 0:0:0 96 = 00000000 00000000 00000000 00000000 00000000 00000000 00000000 00000000
ffff8e1eae7fcb00 1835457506 S Zi:1:010:1 -115:1:1618 1 -18:0:96 96 <
ffff8e1eae7fce00 1835458503 C Zi:1:010:1 0:1:1619:0 1 0:0:0 96 = 00000000 00000000 00000000 00000000 00000000 00000000 00000000 00000000
ffff8e1eae7fce00 1835458505 S Zi:1:010:1 -115:1:1619 1 -18:0:96 96 <
ffff8e1eae7fd300 1835459504 C Zi:1:010:1 0:1:1620:0 1 0:0:0 96 = 00000000 00000000 00000000 00000000 00000000 00000000 00000000 00000000
ffff8e1eae7fd300 1835459505 S Zi:1:010:1 -115:1:1620 1 -18:0:96 96 <
ffff8e1eae7fc900 1835460503 C Zi:1:010:1 0:1:1621:0 1 0:0:0 96 = 00000000 00000000 00000000 00000000 00000000 00000000 00000000 00000000
ffff8e1eae7fc900 1835460505 S Zi:1:010:1 -115:1:1621 1 -18:0:96 96 <
ffff8e1eae7fd800 1835461504 C Zi:1:010:1 0:1:1622:0 1 0:0:0 96 = 00000000 00000000 00000000 00000000 00000000 00000000 00000000 00000000
ffff8e1eae7fd800 1835461506 S Zi:1:010:1 -115:1:1622 1 -18:0:96 96 <
ffff8e1e3e81e800 1835462504 C Zi:1:010:1 0:1:1623:0 1 0:0:0 96 = 00000000 00000000 00000000 00000000 00000000 00000000 00000000 00000000
ffff8e1e3e81e800 1835462505 S Zi:1:010:1 -115:1:1623 1 -18:0:96 96 <
ffff8e1eae7fd600 1835463503 C Zi:1:010:1 0:1:1624:0 1 0:0:0 96 = 00000000 00000000 00000000 00000000 00000000 00000000 00000000 00000000
ffff8e1eae7fd600 1835463505 S Zi:1:010:1 -115:1:1624 1 -18:0:96 96 <
ffff8e1df2fa5400 1835464504 C Zi:1:010:1 0:1:1625:0 1 0:0:0 96 = 00000000 00000000 00000000 00000000 00000000 00000000 00000000 00000000
ffff8e1df2fa5400 1835464506 S Zi:1:010:1 -115:1:1625 1 -18:0:96 96 <
ffff8e1df2fa4400 1835465506 C Zi:1:010:1 0:1:1626:0 1 0:0:0 96 = 00000000 00000000 00000000 00000000 00000000 00000000 00000000 00000000
ffff8e1df2fa4400 1835465510 S Zi:1:010:1 -115:1:1626 1 -18:0:96 96 <
ffff8e1df2fa5000 1835466505 C Zi:1:010:1 0:1:1627:0 1 0:0:0 96 = 00000000 00000000 00000000 00000000 00000000 00000000 00000000 00000000
ffff8e1df2fa5000 1835466507 S Zi:1:010:1 -115:1:1627 1 -18:0:96 96 <
ffff8e1df2fa4000 1835467504 C Zi:1:010:1 0:1:1628:0 1 0:0:0 96 = 00000000 00000000 00000000 00000000 00000000 00000000 00000000 00000000
ffff8e1df2fa4000 1835467507 S Zi:1:010:1 -115:1:1628 1 -18:0:96 96 <
ffff8e1eae7fdd00 1835468504 C Zi:1:010:1 0:1:1629:0 1 0:0:0 96 = 00000000 00000000 00000000 00000000 00000000 00000000 00000000 00000000
ffff8e1eae7fdd00 1835468507 S Zi:1:010:1 -115:1:1629 1 -18:0:96 96 <
ffff8e1eae7fcb00 1835469504 C Zi:1:010:1 0:1:1630:0 1 0:0:0 96 = 00000000 00000000 00000000 00000000 00000000 00000000 00000000 00000000
ffff8e1eae7fcb00 1835469507 S Zi:1:010:1 -115:1:1630 1 -18:0:96 96 <
ffff8e1eae7fce00 1835470505 C Zi:1:010:1 0:1:1631:0 1 0:0:0 96 = 00000000 00000000 00000000 00000000 00000000 00000000 00000000 00000000
ffff8e1eae7fce00 1835470508 S Zi:1:010:1 -115:1:1631 1 -18:0:96 96 <
ffff8e1eae7fd300 1835471504 C Zi:1:010:1 0:1:1632:0 1 0:0:0 96 = 00000000 00000000 00000000 00000000 00000000 00000000 00000000 00000000
ffff8e1eae7fd300 1835471507 S Zi:1:010:1 -115:1:1632 1 -18:0:96 96 <
ffff8e1eae7fc900 1835472504 C Zi:1:010:1 0:1:1633:0 1 0:0:0 96 = 00000000 00000000 00000000 00000000 00000000 00000000 00000000 00000000
ffff8e1eae7fc900 1835472521 S Zi:1:010:1 -115:1:1633 1 -18:0:96 96 <
ffff8e1eae7fd800 1835473506 C Zi:1:010:1 0:1:1634:0 1 0:0:0 96 = 00000000 00000000 00000000 00000000 00000000 00000000 00000000 00000000
ffff8e1eae7fd800 1835473510 S Zi:1:010:1 -115:1:1634 1 -18:0:96 96 <
ffff8e1e3e81e800 1835474505 C Zi:1:010:1 0:1:1635:0 1 0:0:0 96 = 00000000 00000000 00000000 00000000 00000000 00000000 00000000 00000000
ffff8e1e3e81e800 1835474508 S Zi:1:010:1 -115:1:1635 1 -18:0:96 96 <
ffff8e1eae7fd600 1835475505 C Zi:1:010:1 0:1:1636:0 1 0:0:0 96 = 00000000 00000000 00000000 00000000 00000000 00000000 00000000 00000000
ffff8e1eae7fd600 1835475508 S Zi:1:010:1 -115:1:1636 1 -18:0:96 96 <
ffff8e1df2fa5400 1835476505 C Zi:1:010:1 0:1:1637:0 1 0:0:0 96 = 00000000 00000000 00000000 00000000 00000000 00000000 00000000 00000000
ffff8e1df2fa5400 1835476509 S Zi:1:010:1 -115:1:1637 1 -18:0:96 96 <
ffff8e1df2fa4400 1835477506 C Zi:1:010:1 0:1:1638:0 1 0:0:0 96 = 00000000 00000000 00000000 00000000 00000000 00000000 00000000 00000000
ffff8e1df2fa4400 1835477508 S Zi:1:010:1 -115:1:1638 1 -18:0:96 96 <
ffff8e1df2fa5000 1835478506 C Zi:1:010:1 0:1:1639:0 1 0:0:0 96 = 00000000 00000000 00000000 00000000 00000000 00000000 00000000 00000000
ffff8e1df2fa5000 1835478508 S Zi:1:010:1 -115:1:1639 1 -18:0:96 96 <
ffff8e1df2fa4000 1835479506 C Zi:1:010:1 0:1:1640:0 1 0:0:0 96 = 00000000 00000000 00000000 00000000 00000000 00000000 00000000 00000000
ffff8e1df2fa4000 1835479508 S Zi:1:010:1 -115:1:1640 1 -18:0:96 96 <
ffff8e1eae7fdd00 1835480505 C Zi:1:010:1 0:1:1641:0 1 0:0:0 96 = 00000000 00000000 00000000 00000000 00000000 00000000 00000000 00000000
ffff8e1eae7fdd00 1835480508 S Zi:1:010:1 -115:1:1641 1 -18:0:96 96 <
ffff8e1eae7fcb00 1835481506 C Zi:1:010:1 0:1:1642:0 1 0:0:0 96 = 00000000 00000000 00000000 00000000 00000000 00000000 00000000 00000000
ffff8e1eae7fcb00 1835481508 S Zi:1:010:1 -115:1:1642 1 -18:0:96 96 <
ffff8e1eae7fce00 1835482506 C Zi:1:010:1 0:1:1643:0 1 0:0:0 96 = 00000000 00000000 00000000 00000000 00000000 00000000 00000000 00000000
ffff8e1eae7fce00 1835482508 S Zi:1:010:1 -115:1:1643 1 -18:0:96 96 <
ffff8e1eae7fd300 1835483505 C Zi:1:010:1 0:1:1644:0 1 0:0:0 96 = 00000000 00000000 00000000 00000000 00000000 00000000 00000000 00000000
ffff8e1eae7fd300 1835483507 S Zi:1:010:1 -115:1:1644 1 -18:0:96 96 <
ffff8e1eae7fc900 1835484506 C Zi:1:010:1 0:1:1645:0 1 0:0:0 96 = 00000000 00000000 00000000 00000000 00000000 00000000 00000000 00000000
ffff8e1eae7fc900 1835484508 S Zi:1:010:1 -115:1:1645 1 -18:0:96 96 <
ffff8e1eae7fd800 1835485506 C Zi:1:010:1 0:1:1646:0 1 0:0:0 96 = 00000000 00000000 00000000 00000000 00000000 00000000 00000000 00000000
ffff8e1eae7fd800 1835485507 S Zi:1:010:1 -115:1:1646 1 -18:0:96 96 <
ffff8e1e3e81e800 1835486506 C Zi:1:010:1 0:1:1647:0 1 0:0:0 96 = 00000000 00000000 00000000 00000000 00000000 00000000 00000000 00000000
ffff8e1e3e81e800 1835486508 S Zi:1:010:1 -115:1:1647 1 -18:0:96 96 <
ffff8e1eae7fd600 1835487506 C Zi:1:010:1 0:1:1648:0 1 0:0:0 96 = 00000000 00000000 00000000 00000000 00000000 00000000 00000000 00000000
ffff8e1eae7fd600 1835487507 S Zi:1:010:1 -115:1:1648 1 -18:0:96 96 <
ffff8e1df2fa5400 1835488506 C Zi:1:010:1 0:1:1649:0 1 0:0:0 96 = 00000000 00000000 00000000 00000000 00000000 00000000 00000000 00000000
ffff8e1df2fa5400 1835488507 S Zi:1:010:1 -115:1:1649 1 -18:0:96 96 <
ffff8e1df2fa4400 1835489506 C Zi:1:010:1 0:1:1650:0 1 0:0:0 96 = 00000000 00000000 00000000 00000000 00000000 00000000 00000000 00000000
ffff8e1df2fa4400 1835489508 S Zi:1:010:1 -115:1:1650 1 -18:0:96 96 <
ffff8e1df2fa5000 1835490508 C Zi:1:010:1 0:1:1651:0 1 0:0:0 96 = 00000000 00000000 00000000 00000000 00000000 00000000 00000000 00000000
ffff8e1df2fa5000 1835490511 S Zi:1:010:1 -115:1:1651 1 -18:0:96 96 <
ffff8e1df2fa4000 1835491507 C Zi:1:010:1 0:1:1652:0 1 0:0:0 96 = 00000000 00000000 00000000 00000000 00000000 00000000 00000000 00000000
ffff8e1df2fa4000 1835491509 S Zi:1:010:1 -115:1:1652 1 -18:0:96 96 <
ffff8e1eae7fdd00 1835492507 C Zi:1:010:1 0:1:1653:0 1 0:0:0 96 = 00000000 00000000 00000000 00000000 00000000 00000000 00000000 00000000
ffff8e1eae7fdd00 1835492509 S Zi:1:010:1 -115:1:1653 1 -18:0:96 96 <
ffff8e1eae7fcb00 1835493506 C Zi:1:010:1 0:1:1654:0 1 0:0:0 96 = 00000000 00000000 00000000 00000000 00000000 00000000 00000000 00000000
ffff8e1eae7fcb00 1835493509 S Zi:1:010:1 -115:1:1654 1 -18:0:96 96 <
ffff8e1eae7fce00 1835494507 C Zi:1:010:1 0:1:1655:0 1 0:0:0 96 = 00000000 00000000 00000000 00000000 00000000 00000000 00000000 00000000
ffff8e1eae7fce00 1835494509 S Zi:1:010:1 -115:1:1655 1 -18:0:96 96 <
ffff8e1eae7fd300 1835495507 C Zi:1:010:1 0:1:1656:0 1 0:0:0 96 = 00000000 00000000 00000000 00000000 00000000 00000000 00000000 00000000
ffff8e1eae7fd300 1835495509 S Zi:1:010:1 -115:1:1656 1 -18:0:96 96 <
ffff8e1eae7fc900 1835496507 C Zi:1:010:1 0:1:1657:0 1 0:0:0 96 = 00000000 00000000 00000000 00000000 00000000 00000000 00000000 00000000
ffff8e1eae7fc900 1835496508 S Zi:1:010:1 -115:1:1657 1 -18:0:96 96 <
ffff8e1eae7fd800 1835497507 C Zi:1:010:1 0:1:1658:0 1 0:0:0 96 = 00000000 00000000 00000000 00000000 00000000 00000000 00000000 00000000
ffff8e1eae7fd800 1835497509 S Zi:1:010:1 -115:1:1658 1 -18:0:96 96 <
ffff8e1e3e81e800 1835498507 C Zi:1:010:1 0:1:1659:0 1 0:0:0 96 = 00000000 00000000 00000000 00000000 00000000 00000000 00000000 00000000
ffff8e1e3e81e800 1835498509 S Zi:1:010:1 -115:1:1659 1 -18:0:96 96 <
ffff8e1eae7fd600 1835499508 C Zi:1:010:1 0:1:1660:0 1 0:0:0 96 = 00000000 00000000 00000000 00000000 00000000 00000000 00000000 00000000
ffff8e1eae7fd600 1835499509 S Zi:1:010:1 -115:1:1660 1 -18:0:96 96 <
ffff8e1df2fa5400 1835500507 C Zi:1:010:1 0:1:1661:0 1 0:0:0 96 = 00000000 00000000 00000000 00000000 00000000 00000000 00000000 00000000
ffff8e1df2fa5400 1835500509 S Zi:1:010:1 -115:1:1661 1 -18:0:96 96 <
ffff8e1df2fa4400 1835501507 C Zi:1:010:1 0:1:1662:0 1 0:0:0 96 = 00000000 00000000 00000000 00000000 00000000 00000000 00000000 00000000
ffff8e1df2fa4400 1835501509 S Zi:1:010:1 -115:1:1662 1 -18:0:96 96 <
ffff8e1df2fa5000 1835502507 C Zi:1:010:1 0:1:1663:0 1 0:0:0 96 = 00000000 00000000 00000000 00000000 00000000 00000000 00000000 00000000
ffff8e1df2fa5000 1835502509 S Zi:1:010:1 -115:1:1663 1 -18:0:96 96 <
ffff8e1df2fa4000 1835503508 C Zi:1:010:1 0:1:1664:0 1 0:0:0 96 = 00000000 00000000 00000000 00000000 00000000 00000000 00000000 00000000
ffff8e1df2fa4000 1835503510 S Zi:1:010:1 -115:1:1664 1 -18:0:96 96 <
ffff8e1eae7fdd00 1835504507 C Zi:1:010:1 0:1:1665:0 1 0:0:0 96 = 00000000 00000000 00000000 00000000 00000000 00000000 00000000 00000000
ffff8e1eae7fdd00 1835504509 S Zi:1:010:1 -115:1:1665 1 -18:0:96 96 <
ffff8e1eae7fcb00 1835505507 C Zi:1:010:1 0:1:1666:0 1 0:0:0 96 = 00000000 00000000 00000000 00000000 00000000 00000000 00000000 00000000
ffff8e1eae7fcb00 1835505509 S Zi:1:010:1 -115:1:1666 1 -18:0:96 96 <
ffff8e1eae7fce00 1835506507 C Zi:1:010:1 0:1:1667:0 1 0:0:0 96 = 00000000 00000000 00000000 00000000 00000000 00000000 00000000 00000000
ffff8e1eae7fce00 1835506509 S Zi:1:010:1 -115:1:1667 1 -18:0:96 96 <
ffff8e1eae7fd300 1835507508 C Zi:1:010:1 0:1:1668:0 1 0:0:0 96 = 00000000 00000000 00000000 00000000 00000000 00000000 00000000 00000000
ffff8e1eae7fd300 1835507510 S Zi:1:010:1 -115:1:1668 1 -18:0:96 96 <
ffff8e1eae7fc900 1835508508 C Zi:1:010:1 0:1:1669:0 1 0:0:0 96 = 00000000 00000000 00000000 00000000 00000000 00000000 00000000 00000000
ffff8e1eae7fc900 1835508511 S Zi:1:010:1 -115:1:1669 1 -18:0:96 96 <
ffff8e1eae7fd800 1835509508 C Zi:1:010:1 0:1:1670:0 1 0:0:0 96 = 00000000 00000000 00000000 00000000 00000000 00000000 00000000 00000000
ffff8e1eae7fd800 1835509511 S Zi:1:010:1 -115:1:1670 1 -18:0:96 96 <
ffff8e1e3e81e800 1835510508 C Zi:1:010:1 0:1:1671:0 1 0:0:0 96 = 00000000 00000000 00000000 00000000 00000000 00000000 00000000 00000000
ffff8e1e3e81e800 1835510512 S Zi:1:010:1 -115:1:1671 1 -18:0:96 96 <
ffff8e1eae7fd600 1835511508 C Zi:1:010:1 0:1:1672:0 1 0:0:0 96 = 00000000 00000000 00000000 00000000 00000000 00000000 00000000 00000000
ffff8e1eae7fd600 1835511511 S Zi:1:010:1 -115:1:1672 1 -18:0:96 96 <
ffff8e1df2fa5400 1835512508 C Zi:1:010:1 0:1:1673:0 1 0:0:0 96 = 00000000 00000000 00000000 00000000 00000000 00000000 00000000 00000000
ffff8e1df2fa5400 1835512510 S Zi:1:010:1 -115:1:1673 1 -18:0:96 96 <
ffff8e1df2fa4400 1835513508 C Zi:1:010:1 0:1:1674:0 1 0:0:0 96 = 00000000 00000000 00000000 00000000 00000000 00000000 00000000 00000000
ffff8e1df2fa4400 1835513510 S Zi:1:010:1 -115:1:1674 1 -18:0:96 96 <
ffff8e1df2fa5000 1835514509 C Zi:1:010:1 0:1:1675:0 1 0:0:0 96 = 00000000 00000000 00000000 00000000 00000000 00000000 00000000 00000000
ffff8e1df2fa5000 1835514511 S Zi:1:010:1 -115:1:1675 1 -18:0:96 96 <
ffff8e1df2fa4000 1835515509 C Zi:1:010:1 0:1:1676:0 1 0:0:0 96 = 00000000 00000000 00000000 00000000 00000000 00000000 00000000 00000000
ffff8e1df2fa4000 1835515510 S Zi:1:010:1 -115:1:1676 1 -18:0:96 96 <
ffff8e1eae7fdd00 1835516509 C Zi:1:010:1 0:1:1677:0 1 0:0:0 96 = 00000000 00000000 00000000 00000000 00000000 00000000 00000000 00000000
ffff8e1eae7fdd00 1835516511 S Zi:1:010:1 -115:1:1677 1 -18:0:96 96 <
ffff8e1eae7fcb00 1835517509 C Zi:1:010:1 0:1:1678:0 1 0:0:0 96 = 00000000 00000000 00000000 00000000 00000000 00000000 00000000 00000000
ffff8e1eae7fcb00 1835517510 S Zi:1:010:1 -115:1:1678 1 -18:0:96 96 <
ffff8e1eae7fce00 1835518509 C Zi:1:010:1 0:1:1679:0 1 0:0:0 96 = 00000000 00000000 00000000 00000000 00000000 00000000 00000000 00000000
ffff8e1eae7fce00 1835518510 S Zi:1:010:1 -115:1:1679 1 -18:0:96 96 <
ffff8e1eae7fd300 1835519509 C Zi:1:010:1 0:1:1680:0 1 0:0:0 96 = 00000000 00000000 00000000 00000000 00000000 00000000 00000000 00000000
ffff8e1eae7fd300 1835519510 S Zi:1:010:1 -115:1:1680 1 -18:0:96 96 <
ffff8e1eae7fc900 1835520509 C Zi:1:010:1 0:1:1681:0 1 0:0:0 96 = 00000000 00000000 00000000 00000000 00000000 00000000 00000000 00000000
ffff8e1eae7fc900 1835520511 S Zi:1:010:1 -115:1:1681 1 -18:0:96 96 <
ffff8e1eae7fd800 1835521509 C Zi:1:010:1 0:1:1682:0 1 0:0:0 96 = 00000000 00000000 00000000 00000000 00000000 00000000 00000000 00000000
ffff8e1eae7fd800 1835521511 S Zi:1:010:1 -115:1:1682 1 -18:0:96 96 <
ffff8e1e3e81e800 1835522509 C Zi:1:010:1 0:1:1683:0 1 0:0:0 96 = 00000000 00000000 00000000 00000000 00000000 00000000 00000000 00000000
ffff8e1e3e81e800 1835522511 S Zi:1:010:1 -115:1:1683 1 -18:0:96 96 <
ffff8e1eae7fd600 1835523511 C Zi:1:010:1 0:1:1684:0 1 0:0:0 96 = 00000000 00000000 00000000 00000000 00000000 00000000 00000000 00000000
ffff8e1eae7fd600 1835523514 S Zi:1:010:1 -115:1:1684 1 -18:0:96 96 <
ffff8e1df2fa5400 1835524510 C Zi:1:010:1 0:1:1685:0 1 0:0:0 96 = 00000000 00000000 00000000 00000000 00000000 00000000 00000000 00000000
ffff8e1df2fa5400 1835524513 S Zi:1:010:1 -115:1:1685 1 -18:0:96 96 <
ffff8e1df2fa4400 1835525510 C Zi:1:010:1 0:1:1686:0 1 0:0:0 96 = 00000000 00000000 00000000 00000000 00000000 00000000 00000000 00000000
ffff8e1df2fa4400 1835525512 S Zi:1:010:1 -115:1:1686 1 -18:0:96 96 <
ffff8e1df2fa5000 1835526510 C Zi:1:010:1 0:1:1687:0 1 0:0:0 96 = 00000000 00000000 00000000 00000000 00000000 00000000 00000000 00000000
ffff8e1df2fa5000 1835526512 S Zi:1:010:1 -115:1:1687 1 -18:0:96 96 <
ffff8e1df2fa4000 1835527510 C Zi:1:010:1 0:1:1688:0 1 0:0:0 96 = 00000000 00000000 00000000 00000000 00000000 00000000 00000000 00000000
ffff8e1df2fa4000 1835527512 S Zi:1:010:1 -115:1:1688 1 -18:0:96 96 <
ffff8e1eae7fdd00 1835528510 C Zi:1:010:1 0:1:1689:0 1 0:0:0 96 = 00000000 00000000 00000000 00000000 00000000 00000000 00000000 00000000
ffff8e1eae7fdd00 1835528512 S Zi:1:010:1 -115:1:1689 1 -18:0:96 96 <
ffff8e1eae7fcb00 1835529510 C Zi:1:010:1 0:1:1690:0 1 0:0:0 96 = 00000000 00000000 00000000 00000000 00000000 00000000 00000000 00000000
ffff8e1eae7fcb00 1835529512 S Zi:1:010:1 -115:1:1690 1 -18:0:96 96 <
ffff8e1eae7fce00 1835530510 C Zi:1:010:1 0:1:1691:0 1 0:0:0 96 = 00000000 00000000 00000000 00000000 00000000 00000000 00000000 00000000
ffff8e1eae7fce00 1835530512 S Zi:1:010:1 -115:1:1691 1 -18:0:96 96 <
ffff8e1eae7fd300 1835531510 C Zi:1:010:1 0:1:1692:0 1 0:0:0 96 = 00000000 00000000 00000000 00000000 00000000 00000000 00000000 00000000
ffff8e1eae7fd300 1835531512 S Zi:1:010:1 -115:1:1692 1 -18:0:96 96 <
ffff8e1eae7fc900 1835532511 C Zi:1:010:1 0:1:1693:0 1 0:0:0 96 = 00000000 00000000 00000000 00000000 00000000 00000000 00000000 00000000
ffff8e1eae7fc900 1835532513 S Zi:1:010:1 -115:1:1693 1 -18:0:96 96 <
ffff8e1eae7fd800 1835533511 C Zi:1:010:1 0:1:1694:0 1 0:0:0 96 = 00000000 00000000 00000000 00000000 00000000 00000000 00000000 00000000
ffff8e1eae7fd800 1835533512 S Zi:1:010:1 -115:1:1694 1 -18:0:96 96 <
ffff8e1e3e81e800 1835534510 C Zi:1:010:1 0:1:1695:0 1 0:0:0 96 = 00000000 00000000 00000000 00000000 00000000 00000000 00000000 00000000
ffff8e1e3e81e800 1835534512 S Zi:1:010:1 -115:1:1695 1 -18:0:96 96 <
ffff8e1eae7fd600 1835535510 C Zi:1:010:1 0:1:1696:0 1 0:0:0 96 = 00000000 00000000 00000000 00000000 00000000 00000000 00000000 00000000
ffff8e1eae7fd600 1835535512 S Zi:1:010:1 -115:1:1696 1 -18:0:96 96 <
ffff8e1df2fa5400 1835536511 C Zi:1:010:1 0:1:1697:0 1 0:0:0 96 = 00000000 00000000 00000000 00000000 00000000 00000000 00000000 00000000
ffff8e1df2fa5400 1835536513 S Zi:1:010:1 -115:1:1697 1 -18:0:96 96 <
ffff8e1df2fa4400 1835537511 C Zi:1:010:1 0:1:1698:0 1 0:0:0 96 = 00000000 00000000 00000000 00000000 00000000 00000000 00000000 00000000
ffff8e1df2fa4400 1835537513 S Zi:1:010:1 -115:1:1698 1 -18:0:96 96 <
ffff8e1df2fa5000 1835538510 C Zi:1:010:1 0:1:1699:0 1 0:0:0 96 = 00000000 00000000 00000000 00000000 00000000 00000000 00000000 00000000
ffff8e1df2fa5000 1835538512 S Zi:1:010:1 -115:1:1699 1 -18:0:96 96 <
ffff8e1df2fa4000 1835539510 C Zi:1:010:1 0:1:1700:0 1 0:0:0 96 = 00000000 00000000 00000000 00000000 00000000 00000000 00000000 00000000
ffff8e1df2fa4000 1835539512 S Zi:1:010:1 -115:1:1700 1 -18:0:96 96 <
ffff8e1eae7fdd00 1835540512 C Zi:1:010:1 0:1:1701:0 1 0:0:0 96 = 00000000 00000000 00000000 00000000 00000000 00000000 00000000 00000000
ffff8e1eae7fdd00 1835540514 S Zi:1:010:1 -115:1:1701 1 -18:0:96 96 <
ffff8e1eae7fcb00 1835541511 C Zi:1:010:1 0:1:1702:0 1 0:0:0 96 = 00000000 00000000 00000000 00000000 00000000 00000000 00000000 00000000
ffff8e1eae7fcb00 1835541514 S Zi:1:010:1 -115:1:1702 1 -18:0:96 96 <
ffff8e1eae7fce00 1835542511 C Zi:1:010:1 0:1:1703:0 1 0:0:0 96 = 00000000 00000000 00000000 00000000 00000000 00000000 00000000 00000000
ffff8e1eae7fce00 1835542514 S Zi:1:010:1 -115:1:1703 1 -18:0:96 96 <
ffff8e1eae7fd300 1835543511 C Zi:1:010:1 0:1:1704:0 1 0:0:0 96 = 00000000 00000000 00000000 00000000 00000000 00000000 00000000 00000000
ffff8e1eae7fd300 1835543514 S Zi:1:010:1 -115:1:1704 1 -18:0:96 96 <
ffff8e1eae7fc900 1835544511 C Zi:1:010:1 0:1:1705:0 1 0:0:0 96 = 00000000 00000000 00000000 00000000 00000000 00000000 00000000 00000000
ffff8e1eae7fc900 1835544513 S Zi:1:010:1 -115:1:1705 1 -18:0:96 96 <
ffff8e1eae7fd800 1835545511 C Zi:1:010:1 0:1:1706:0 1 0:0:0 96 = 00000000 00000000 00000000 00000000 00000000 00000000 00000000 00000000
ffff8e1eae7fd800 1835545513 S Zi:1:010:1 -115:1:1706 1 -18:0:96 96 <
ffff8e1e3e81e800 1835546512 C Zi:1:010:1 0:1:1707:0 1 0:0:0 96 = 00000000 00000000 00000000 00000000 00000000 00000000 00000000 00000000
ffff8e1e3e81e800 1835546514 S Zi:1:010:1 -115:1:1707 1 -18:0:96 96 <
ffff8e1eae7fd600 1835547511 C Zi:1:010:1 0:1:1708:0 1 0:0:0 96 = 00000000 00000000 00000000 00000000 00000000 00000000 00000000 00000000
ffff8e1eae7fd600 1835547513 S Zi:1:010:1 -115:1:1708 1 -18:0:96 96 <
ffff8e1df2fa5400 1835548513 C Zi:1:010:1 0:1:1709:0 1 0:0:0 96 = 00000000 00000000 00000000 00000000 00000000 00000000 00000000 00000000
ffff8e1df2fa5400 1835548515 S Zi:1:010:1 -115:1:1709 1 -18:0:96 96 <
ffff8e1df2fa4400 1835549512 C Zi:1:010:1 0:1:1710:0 1 0:0:0 96 = 00000000 00000000 00000000 00000000 00000000 00000000 00000000 00000000
ffff8e1df2fa4400 1835549513 S Zi:1:010:1 -115:1:1710 1 -18:0:96 96 <
ffff8e1df2fa5000 1835550512 C Zi:1:010:1 0:1:1711:0 1 0:0:0 96 = 00000000 00000000 00000000 00000000 00000000 00000000 00000000 00000000
ffff8e1df2fa5000 1835550514 S Zi:1:010:1 -115:1:1711 1 -18:0:96 96 <
ffff8e1df2fa4000 1835551512 C Zi:1:010:1 0:1:1712:0 1 0:0:0 96 = 00000000 00000000 00000000 00000000 00000000 00000000 00000000 00000000
ffff8e1df2fa4000 1835551513 S Zi:1:010:1 -115:1:1712 1 -18:0:96 96 <
ffff8e1eae7fdd00 1835552512 C Zi:1:010:1 0:1:1713:0 1 0:0:0 96 = 00000000 00000000 00000000 00000000 00000000 00000000 00000000 00000000
ffff8e1eae7fdd00 1835552513 S Zi:1:010:1 -115:1:1713 1 -18:0:96 96 <
ffff8e1eae7fcb00 1835553512 C Zi:1:010:1 0:1:1714:0 1 0:0:0 96 = 00000000 00000000 00000000 00000000 00000000 00000000 00000000 00000000
ffff8e1eae7fcb00 1835553514 S Zi:1:010:1 -115:1:1714 1 -18:0:96 96 <
ffff8e1eae7fce00 1835554512 C Zi:1:010:1 0:1:1715:0 1 0:0:0 96 = 00000000 00000000 00000000 00000000 00000000 00000000 00000000 00000000
ffff8e1eae7fce00 1835554513 S Zi:1:010:1 -115:1:1715 1 -18:0:96 96 <
ffff8e1eae7fd300 1835555512 C Zi:1:010:1 0:1:1716:0 1 0:0:0 96 = 00000000 00000000 00000000 00000000 00000000 00000000 00000000 00000000
ffff8e1eae7fd300 1835555513 S Zi:1:010:1 -115:1:1716 1 -18:0:96 96 <
ffff8e1eae7fc900 1835556512 C Zi:1:010:1 0:1:1717:0 1 0:0:0 96 = 00000000 00000000 00000000 00000000 00000000 00000000 00000000 00000000
ffff8e1eae7fc900 1835556514 S Zi:1:010:1 -115:1:1717 1 -18:0:96 96 <
ffff8e1eae7fd800 1835557514 C Zi:1:010:1 0:1:1718:0 1 0:0:0 96 = 00000000 00000000 00000000 00000000 00000000 00000000 00000000 00000000
ffff8e1eae7fd800 1835557516 S Zi:1:010:1 -115:1:1718 1 -18:0:96 96 <
ffff8e1e3e81e800 1835558512 C Zi:1:010:1 0:1:1719:0 1 0:0:0 96 = 00000000 00000000 00000000 00000000 00000000 00000000 00000000 00000000
ffff8e1e3e81e800 1835558514 S Zi:1:010:1 -115:1:1719 1 -18:0:96 96 <
ffff8e1eae7fd600 1835559513 C Zi:1:010:1 0:1:1720:0 1 0:0:0 96 = 00000000 00000000 00000000 00000000 00000000 00000000 00000000 00000000
ffff8e1eae7fd600 1835559514 S Zi:1:010:1 -115:1:1720 1 -18:0:96 96 <
ffff8e1df2fa5400 1835560512 C Zi:1:010:1 0:1:1721:0 1 0:0:0 96 = 00000000 00000000 00000000 00000000 00000000 00000000 00000000 00000000
ffff8e1df2fa5400 1835560514 S Zi:1:010:1 -115:1:1721 1 -18:0:96 96 <
ffff8e1df2fa4400 1835561513 C Zi:1:010:1 0:1:1722:0 1 0:0:0 96 = 00000000 00000000 00000000 00000000 00000000 00000000 00000000 00000000
ffff8e1df2fa4400 1835561515 S Zi:1:010:1 -115:1:1722 1 -18:0:96 96 <
ffff8e1df2fa5000 1835562512 C Zi:1:010:1 0:1:1723:0 1 0:0:0 96 = 00000000 00000000 00000000 00000000 00000000 00000000 00000000 00000000
ffff8e1df2fa5000 1835562514 S Zi:1:010:1 -115:1:1723 1 -18:0:96 96 <
ffff8e1df2fa4000 1835563512 C Zi:1:010:1 0:1:1724:0 1 0:0:0 96 = 00000000 00000000 00000000 00000000 00000000 00000000 00000000 00000000
ffff8e1df2fa4000 1835563514 S Zi:1:010:1 -115:1:1724 1 -18:0:96 96 <
ffff8e1eae7fdd00 1835564513 C Zi:1:010:1 0:1:1725:0 1 0:0:0 96 = 00000000 00000000 00000000 00000000 00000000 00000000 00000000 00000000
ffff8e1eae7fdd00 1835564514 S Zi:1:010:1 -115:1:1725 1 -18:0:96 96 <
ffff8e1eae7fcb00 1835565514 C Zi:1:010:1 0:1:1726:0 1 0:0:0 96 = 00000000 00000000 00000000 00000000 00000000 00000000 00000000 00000000
ffff8e1eae7fcb00 1835565516 S Zi:1:010:1 -115:1:1726 1 -18:0:96 96 <
ffff8e1eae7fce00 1835566514 C Zi:1:010:1 0:1:1727:0 1 0:0:0 96 = 00000000 00000000 00000000 00000000 00000000 00000000 00000000 00000000
ffff8e1eae7fce00 1835566517 S Zi:1:010:1 -115:1:1727 1 -18:0:96 96 <
ffff8e1eae7fd300 1835567513 C Zi:1:010:1 0:1:1728:0 1 0:0:0 96 = 00000000 00000000 00000000 00000000 00000000 00000000 00000000 00000000
ffff8e1eae7fd300 1835567516 S Zi:1:010:1 -115:1:1728 1 -18:0:96 96 <
ffff8e1eae7fc900 1835568513 C Zi:1:010:1 0:1:1729:0 1 0:0:0 96 = 00000000 00000000 00000000 00000000 00000000 00000000 00000000 00000000
ffff8e1eae7fc900 1835568516 S Zi:1:010:1 -115:1:1729 1 -18:0:96 96 <
ffff8e1eae7fd800 1835569513 C Zi:1:010:1 0:1:1730:0 1 0:0:0 96 = 00000000 00000000 00000000 00000000 00000000 00000000 00000000 00000000
ffff8e1eae7fd800 1835569516 S Zi:1:010:1 -115:1:1730 1 -18:0:96 96 <
ffff8e1e3e81e800 1835570514 C Zi:1:010:1 0:1:1731:0 1 0:0:0 96 = 00000000 00000000 00000000 00000000 00000000 00000000 00000000 00000000
ffff8e1e3e81e800 1835570517 S Zi:1:010:1 -115:1:1731 1 -18:0:96 96 <
ffff8e1eae7fd600 1835571513 C Zi:1:010:1 0:1:1732:0 1 0:0:0 96 = 00000000 00000000 00000000 00000000 00000000 00000000 00000000 00000000
ffff8e1eae7fd600 1835571516 S Zi:1:010:1 -115:1:1732 1 -18:0:96 96 <
ffff8e1df2fa5400 1835572513 C Zi:1:010:1 0:1:1733:0 1 0:0:0 96 = 00000000 00000000 00000000 00000000 00000000 00000000 00000000 00000000
ffff8e1df2fa5400 1835572516 S Zi:1:010:1 -115:1:1733 1 -18:0:96 96 <
ffff8e1df2fa4400 1835573515 C Zi:1:010:1 0:1:1734:0 1 0:0:0 96 = 00000000 00000000 00000000 00000000 00000000 00000000 00000000 00000000
ffff8e1df2fa4400 1835573519 S Zi:1:010:1 -115:1:1734 1 -18:0:96 96 <
ffff8e1df2fa5000 1835574515 C Zi:1:010:1 0:1:1735:0 1 0:0:0 96 = 00000000 00000000 00000000 00000000 00000000 00000000 00000000 00000000
ffff8e1df2fa5000 1835574518 S Zi:1:010:1 -115:1:1735 1 -18:0:96 96 <
ffff8e1df2fa4000 1835575514 C Zi:1:010:1 0:1:1736:0 1 0:0:0 96 = 00000000 00000000 00000000 00000000 00000000 00000000 00000000 00000000
ffff8e1df2fa4000 1835575516 S Zi:1:010:1 -115:1:1736 1 -18:0:96 96 <
ffff8e1eae7fdd00 1835576514 C Zi:1:010:1 0:1:1737:0 1 0:0:0 96 = 00000000 00000000 00000000 00000000 00000000 00000000 00000000 00000000
ffff8e1eae7fdd00 1835576532 S Zi:1:010:1 -115:1:1737 1 -18:0:96 96 <
ffff8e1eae7fcb00 1835577515 C Zi:1:010:1 0:1:1738:0 1 0:0:0 96 = 00000000 00000000 00000000 00000000 00000000 00000000 00000000 00000000
ffff8e1eae7fcb00 1835577519 S Zi:1:010:1 -115:1:1738 1 -18:0:96 96 <
ffff8e1eae7fce00 1835578515 C Zi:1:010:1 0:1:1739:0 1 0:0:0 96 = 00000000 00000000 00000000 00000000 00000000 00000000 00000000 00000000
ffff8e1eae7fce00 1835578518 S Zi:1:010:1 -115:1:1739 1 -18:0:96 96 <
ffff8e1eae7fd300 1835579514 C Zi:1:010:1 0:1:1740:0 1 0:0:0 96 = 00000000 00000000 00000000 00000000 00000000 00000000 00000000 00000000
ffff8e1eae7fd300 1835579517 S Zi:1:010:1 -115:1:1740 1 -18:0:96 96 <
ffff8e1eae7fc900 1835580514 C Zi:1:010:1 0:1:1741:0 1 0:0:0 96 = 00000000 00000000 00000000 00000000 00000000 00000000 00000000 00000000
ffff8e1eae7fc900 1835580517 S Zi:1:010:1 -115:1:1741 1 -18:0:96 96 <
ffff8e1eae7fd800 1835581514 C Zi:1:010:1 0:1:1742:0 1 0:0:0 96 = 00000000 00000000 00000000 00000000 00000000 00000000 00000000 00000000
ffff8e1eae7fd800 1835581517 S Zi:1:010:1 -115:1:1742 1 -18:0:96 96 <
ffff8e1e3e81e800 1835582516 C Zi:1:010:1 0:1:1743:0 1 0:0:0 96 = 00000000 00000000 00000000 00000000 00000000 00000000 00000000 00000000
ffff8e1e3e81e800 1835582519 S Zi:1:010:1 -115:1:1743 1 -18:0:96 96 <
ffff8e1eae7fd600 1835583515 C Zi:1:010:1 0:1:1744:0 1 0:0:0 96 = 00000000 00000000 00000000 00000000 00000000 00000000 00000000 00000000
ffff8e1eae7fd600 1835583518 S Zi:1:010:1 -115:1:1744 1 -18:0:96 96 <
ffff8e1df2fa5400 1835584515 C Zi:1:010:1 0:1:1745:0 1 0:0:0 96 = 00000000 00000000 00000000 00000000 00000000 00000000 00000000 00000000
ffff8e1df2fa5400 1835584518 S Zi:1:010:1 -115:1:1745 1 -18:0:96 96 <
ffff8e1df2fa4400 1835585515 C Zi:1:010:1 0:1:1746:0 1 0:0:0 96 = 00000000 00000000 00000000 00000000 00000000 00000000 00000000 00000000
ffff8e1df2fa4400 1835585517 S Zi:1:010:1 -115:1:1746 1 -18:0:96 96 <
ffff8e1df2fa5000 1835586516 C Zi:1:010:1 0:1:1747:0 1 0:0:0 96 = 00000000 00000000 00000000 00000000 00000000 00000000 00000000 00000000
ffff8e1df2fa5000 1835586520 S Zi:1:010:1 -115:1:1747 1 -18:0:96 96 <
ffff8e1df2fa4000 1835587515 C Zi:1:010:1 0:1:1748:0 1 0:0:0 96 = 00000000 00000000 00000000 00000000 00000000 00000000 00000000 00000000
ffff8e1df2fa4000 1835587518 S Zi:1:010:1 -115:1:1748 1 -18:0:96 96 <
ffff8e1eae7fdd00 1835588515 C Zi:1:010:1 0:1:1749:0 1 0:0:0 96 = 00000000 00000000 00000000 00000000 00000000 00000000 00000000 00000000
ffff8e1eae7fdd00 1835588517 S Zi:1:010:1 -115:1:1749 1 -18:0:96 96 <
ffff8e1eae7fcb00 1835589515 C Zi:1:010:1 0:1:1750:0 1 0:0:0 96 = 00000000 00000000 00000000 00000000 00000000 00000000 00000000 00000000
ffff8e1eae7fcb00 1835589517 S Zi:1:010:1 -115:1:1750 1 -18:0:96 96 <
ffff8e1eae7fce00 1835590516 C Zi:1:010:1 0:1:1751:0 1 0:0:0 96 = 00000000 00000000 00000000 00000000 00000000 00000000 00000000 00000000
ffff8e1eae7fce00 1835590520 S Zi:1:010:1 -115:1:1751 1 -18:0:96 96 <
ffff8e1eae7fd300 1835591518 C Zi:1:010:1 0:1:1752:0 1 0:0:0 96 = 00000000 00000000 00000000 00000000 00000000 00000000 00000000 00000000
ffff8e1eae7fd300 1835591523 S Zi:1:010:1 -115:1:1752 1 -18:0:96 96 <
ffff8e1eae7fc900 1835592517 C Zi:1:010:1 0:1:1753:0 1 0:0:0 96 = 00000000 00000000 00000000 00000000 00000000 00000000 00000000 00000000
ffff8e1eae7fc900 1835592522 S Zi:1:010:1 -115:1:1753 1 -18:0:96 96 <
ffff8e1eae7fd800 1835593517 C Zi:1:010:1 0:1:1754:0 1 0:0:0 96 = 00000000 00000000 00000000 00000000 00000000 00000000 00000000 00000000
ffff8e1eae7fd800 1835593521 S Zi:1:010:1 -115:1:1754 1 -18:0:96 96 <
ffff8e1e3e81e800 1835594517 C Zi:1:010:1 0:1:1755:0 1 0:0:0 96 = 00000000 00000000 00000000 00000000 00000000 00000000 00000000 00000000
ffff8e1e3e81e800 1835594522 S Zi:1:010:1 -115:1:1755 1 -18:0:96 96 <
ffff8e1eae7fd600 1835595516 C Zi:1:010:1 0:1:1756:0 1 0:0:0 96 = 00000000 00000000 00000000 00000000 00000000 00000000 00000000 00000000
ffff8e1eae7fd600 1835595519 S Zi:1:010:1 -115:1:1756 1 -18:0:96 96 <
ffff8e1df2fa5400 1835596515 C Zi:1:010:1 0:1:1757:0 1 0:0:0 96 = 00000000 00000000 00000000 00000000 00000000 00000000 00000000 00000000
ffff8e1df2fa5400 1835596518 S Zi:1:010:1 -115:1:1757 1 -18:0:96 96 <
ffff8e1df2fa4400 1835597516 C Zi:1:010:1 0:1:1758:0 1 0:0:0 96 = 00000000 00000000 00000000 00000000 00000000 00000000 00000000 00000000
ffff8e1df2fa4400 1835597519 S Zi:1:010:1 -115:1:1758 1 -18:0:96 96 <
ffff8e1df2fa5000 1835598516 C Zi:1:010:1 0:1:1759:0 1 0:0:0 96 = 00000000 00000000 00000000 00000000 00000000 00000000 00000000 00000000
ffff8e1df2fa5000 1835598518 S Zi:1:010:1 -115:1:1759 1 -18:0:96 96 <
ffff8e1df2fa4000 1835599517 C Zi:1:010:1 0:1:1760:0 1 0:0:0 96 = 00000000 00000000 00000000 00000000 00000000 00000000 00000000 00000000
ffff8e1df2fa4000 1835599520 S Zi:1:010:1 -115:1:1760 1 -18:0:96 96 <
ffff8e1eae7fdd00 1835600516 C Zi:1:010:1 0:1:1761:0 1 0:0:0 96 = 00000000 00000000 00000000 00000000 00000000 00000000 00000000 00000000
ffff8e1eae7fdd00 1835600518 S Zi:1:010:1 -115:1:1761 1 -18:0:96 96 <
ffff8e1eae7fcb00 1835601516 C Zi:1:010:1 0:1:1762:0 1 0:0:0 96 = 00000000 00000000 00000000 00000000 00000000 00000000 00000000 00000000
ffff8e1eae7fcb00 1835601518 S Zi:1:010:1 -115:1:1762 1 -18:0:96 96 <
ffff8e1eae7fce00 1835602516 C Zi:1:010:1 0:1:1763:0 1 0:0:0 96 = 00000000 00000000 00000000 00000000 00000000 00000000 00000000 00000000
ffff8e1eae7fce00 1835602518 S Zi:1:010:1 -115:1:1763 1 -18:0:96 96 <
ffff8e1eae7fd300 1835603518 C Zi:1:010:1 0:1:1764:0 1 0:0:0 96 = 00000000 00000000 00000000 00000000 00000000 00000000 00000000 00000000
ffff8e1eae7fd300 1835603523 S Zi:1:010:1 -115:1:1764 1 -18:0:96 96 <
ffff8e1eae7fc900 1835604517 C Zi:1:010:1 0:1:1765:0 1 0:0:0 96 = 00000000 00000000 00000000 00000000 00000000 00000000 00000000 00000000
ffff8e1eae7fc900 1835604519 S Zi:1:010:1 -115:1:1765 1 -18:0:96 96 <
ffff8e1eae7fd800 1835605516 C Zi:1:010:1 0:1:1766:0 1 0:0:0 96 = 00000000 00000000 00000000 00000000 00000000 00000000 00000000 00000000
ffff8e1eae7fd800 1835605518 S Zi:1:010:1 -115:1:1766 1 -18:0:96 96 <
ffff8e1e3e81e800 1835606517 C Zi:1:010:1 0:1:1767:0 1 0:0:0 96 = 00000000 00000000 00000000 00000000 00000000 00000000 00000000 00000000
ffff8e1e3e81e800 1835606519 S Zi:1:010:1 -115:1:1767 1 -18:0:96 96 <
ffff8e1eae7fd600 1835607520 C Zi:1:010:1 0:1:1768:0 1 0:0:0 96 = 00000000 00000000 00000000 00000000 00000000 00000000 00000000 00000000
ffff8e1eae7fd600 1835607526 S Zi:1:010:1 -115:1:1768 1 -18:0:96 96 <
ffff8e1df2fa5400 1835608519 C Zi:1:010:1 0:1:1769:0 1 0:0:0 96 = 00000000 00000000 00000000 00000000 00000000 00000000 00000000 00000000
ffff8e1df2fa5400 1835608523 S Zi:1:010:1 -115:1:1769 1 -18:0:96 96 <
ffff8e1df2fa4400 1835609518 C Zi:1:010:1 0:1:1770:0 1 0:0:0 96 = 00000000 00000000 00000000 00000000 00000000 00000000 00000000 00000000
ffff8e1df2fa4400 1835609523 S Zi:1:010:1 -115:1:1770 1 -18:0:96 96 <
ffff8e1df2fa5000 1835610519 C Zi:1:010:1 0:1:1771:0 1 0:0:0 96 = 00000000 00000000 00000000 00000000 00000000 00000000 00000000 00000000
ffff8e1df2fa5000 1835610524 S Zi:1:010:1 -115:1:1771 1 -18:0:96 96 <
ffff8e1df2fa4000 1835611518 C Zi:1:010:1 0:1:1772:0 1 0:0:0 96 = 00000000 00000000 00000000 00000000 00000000 00000000 00000000 00000000
ffff8e1df2fa4000 1835611522 S Zi:1:010:1 -115:1:1772 1 -18:0:96 96 <
ffff8e1eae7fdd00 1835612518 C Zi:1:010:1 0:1:1773:0 1 0:0:0 96 = 00000000 00000000 00000000 00000000 00000000 00000000 00000000 00000000
ffff8e1eae7fdd00 1835612520 S Zi:1:010:1 -115:1:1773 1 -18:0:96 96 <
ffff8e1eae7fcb00 1835613518 C Zi:1:010:1 0:1:1774:0 1 0:0:0 96 = 00000000 00000000 00000000 00000000 00000000 00000000 00000000 00000000
ffff8e1eae7fcb00 1835613521 S Zi:1:010:1 -115:1:1774 1 -18:0:96 96 <
ffff8e1eae7fce00 1835614518 C Zi:1:010:1 0:1:1775:0 1 0:0:0 96 = 00000000 00000000 00000000 00000000 00000000 00000000 00000000 00000000
ffff8e1eae7fce00 1835614521 S Zi:1:010:1 -115:1:1775 1 -18:0:96 96 <
ffff8e1eae7fd300 1835615519 C Zi:1:010:1 0:1:1776:0 1 0:0:0 96 = 00000000 00000000 00000000 00000000 00000000 00000000 00000000 00000000
ffff8e1eae7fd300 1835615523 S Zi:1:010:1 -115:1:1776 1 -18:0:96 96 <
ffff8e1eae7fc900 1835616517 C Zi:1:010:1 0:1:1777:0 1 0:0:0 96 = 00000000 00000000 00000000 00000000 00000000 00000000 00000000 00000000
ffff8e1eae7fc900 1835616520 S Zi:1:010:1 -115:1:1777 1 -18:0:96 96 <
ffff8e1eae7fd800 1835617518 C Zi:1:010:1 0:1:1778:0 1 0:0:0 96 = 00000000 00000000 00000000 00000000 00000000 00000000 00000000 00000000
ffff8e1eae7fd800 1835617521 S Zi:1:010:1 -115:1:1778 1 -18:0:96 96 <
ffff8e1e3e81e800 1835618517 C Zi:1:010:1 0:1:1779:0 1 0:0:0 96 = 00000000 00000000 00000000 00000000 00000000 00000000 00000000 00000000
ffff8e1e3e81e800 1835618520 S Zi:1:010:1 -115:1:1779 1 -18:0:96 96 <
ffff8e1eae7fd600 1835619518 C Zi:1:010:1 0:1:1780:0 1 0:0:0 96 = 00000000 00000000 00000000 00000000 00000000 00000000 00000000 00000000
ffff8e1eae7fd600 1835619520 S Zi:1:010:1 -115:1:1780 1 -18:0:96 96 <
ffff8e1df2fa5400 1835620518 C Zi:1:010:1 0:1:1781:0 1 0:0:0 96 = 00000000 00000000 00000000 00000000 00000000 00000000 00000000 00000000
ffff8e1df2fa5400 1835620521 S Zi:1:010:1 -115:1:1781 1 -18:0:96 96 <
ffff8e1df2fa4400 1835621519 C Zi:1:010:1 0:1:1782:0 1 0:0:0 96 = 00000000 00000000 00000000 00000000 00000000 00000000 00000000 00000000
ffff8e1df2fa4400 1835621522 S Zi:1:010:1 -115:1:1782 1 -18:0:96 96 <
ffff8e1df2fa5000 1835622519 C Zi:1:010:1 0:1:1783:0 1 0:0:0 96 = 00000000 00000000 00000000 00000000 00000000 00000000 00000000 00000000
ffff8e1df2fa5000 1835622522 S Zi:1:010:1 -115:1:1783 1 -18:0:96 96 <
ffff8e1e3e81e800 1835623310 C Zi:1:010:1 -104:1:1791:0 1 -18:0:0 96 = 00000000 00000000 00000000 00000000 00000000 00000000 00000000 00000000
ffff8e1eae7fd600 1835623312 C Zi:1:010:1 -104:1:1792:0 1 -18:0:0 96 = 00000000 00000000 00000000 00000000 00000000 00000000 00000000 00000000
ffff8e1df2fa5400 1835623312 C Zi:1:010:1 -104:1:1793:0 1 -18:0:0 96 = 00000000 00000000 00000000 00000000 00000000 00000000 00000000 00000000
ffff8e1df2fa4400 1835623313 C Zi:1:010:1 -104:1:1794:0 1 -18:0:0 96 = 00000000 00000000 00000000 00000000 00000000 00000000 00000000 00000000
ffff8e1df2fa5000 1835623313 C Zi:1:010:1 -104:1:1795:0 1 -18:0:0 96 = 00000000 00000000 00000000 00000000 00000000 00000000 00000000 00000000
ffff8e1eae7fdd00 1835623313 C Zi:1:010:1 -104:1:1785:0 1 -18:0:0 96 = 00000000 00000000 00000000 00000000 00000000 00000000 00000000 00000000
ffff8e1eae7fcb00 1835623314 C Zi:1:010:1 -104:1:1786:0 1 -18:0:0 96 = 00000000 00000000 00000000 00000000 00000000 00000000 00000000 00000000
ffff8e1eae7fce00 1835623314 C Zi:1:010:1 -104:1:1787:0 1 -18:0:0 96 = 00000000 00000000 00000000 00000000 00000000 00000000 00000000 00000000
ffff8e1eae7fd300 1835623314 C Zi:1:010:1 -104:1:1788:0 1 -18:0:0 96 = 00000000 00000000 00000000 00000000 00000000 00000000 00000000 00000000
ffff8e1eae7fc900 1835623315 C Zi:1:010:1 -104:1:1789:0 1 -18:0:0 96 = 00000000 00000000 00000000 00000000 00000000 00000000 00000000 00000000
ffff8e1eae7fd800 1835623315 C Zi:1:010:1 -104:1:1790:0 1 -18:0:0 96 = 00000000 00000000 00000000 00000000 00000000 00000000 00000000 00000000
ffff8e1df2fa4000 1835623454 C Zi:1:010:1 -104:1:1784:0 1 -18:0:0 96 = 00000000 00000000 00000000 00000000 00000000 00000000 00000000 00000000
ffff8e1eae771000 1835627024 S Co:1:010:0 s 01 0b 0000 0001 0000 0
ffff8e1eae771000 1835628527 C Co:1:010:0 0 0
ffff8e1d90725f00 1835632131 C Bi:1:003:2 0 48 = 6d696372 6f70686f 6e653a20 494e2077 72697465 20657272 6f72203d 20446973
ffff8e1d90725f00 1835632134 S Bi:1:003:2 -115 128 <
ffff8e1e67f0ae40 2036196239 S Co:1:003:0 s 21 22 0000 0000 0000 0
ffff8e1e67f0ae40 2036196706 C Co:1:003:0 0 0
ffff8e1d8fa1a240 2036197043 C Ii:1:003:3 -2:1 0
ffff8e1d8fa1acc0 2036197227 C Bi:1:003:2 -2 0
ffff8e1d90725600 2036197489 C Bi:1:003:2 -2 0
ffff8e1d907256c0 2036197774 C Bi:1:003:2 -2 0
ffff8e1d90725d80 2036198036 C Bi:1:003:2 -2 0
ffff8e1d90725180 2036198299 C Bi:1:003:2 -2 0
ffff8e1d907250c0 2036198561 C Bi:1:003:2 -2 0
ffff8e1d90725b40 2036198823 C Bi:1:003:2 -2 0
ffff8e1d90725900 2036199085 C Bi:1:003:2 -2 0
ffff8e1d90725f00 2036199350 C Bi:1:003:2 -2 0
ffff8e1d907259c0 2036199760 C Bi:1:003:2 -2 0
ffff8e1d90725a80 2036200170 C Bi:1:003:2 -2 0
ffff8e1d90725000 2036200580 C Bi:1:003:2 -2 0
ffff8e1d90725e40 2036200990 C Bi:1:003:2 -2 0
ffff8e1d90725840 2036201400 C Bi:1:003:2 -2 0
ffff8e1d90725540 2036201809 C Bi:1:003:2 -2 0
ffff8e1d907253c0 2036202218 C Bi:1:003:2 -2 0
